,Store Number,Zip Code
35,4312,51501.0
117,5244,52136.0
164,4829,50314.0
184,4361,50313.0
195,2478,50009.0
217,4819,50009.0
274,3644,50009.0
332,3870,50009.0
403,5057,50317.0
411,2532,50317.0
471,5318,50317.0
503,4799,50317.0
513,2636,50317.0
549,3696,50315.0
569,4622,50320.0
611,3651,50125.0
630,4684,50125.0
671,2448,50125.0
715,5359,52068.0
749,2549,50125.0
830,2527,50315.0
970,4617,50317.0
1013,5313,50315.0
1053,2536,50317.0
1084,3816,51566.0
1115,9013,50061.0
1118,9913,50061.0
1120,3618,52404.0
1166,2509,52404.0
1251,4845,52401.0
1290,5142,52303.0
1356,2588,52403.0
1513,2590,52402.0
1650,4487,52402.0
1674,4636,52402.0
1707,3385,52402.0
1745,3628,52402.0
1777,2647,52411.0
1953,4154,52233.0
1977,2605,52402.0
2069,4624,52233.0
2144,5097,52403.0
2152,4687,52402.0
2161,4771,52402.0
2199,5214,52404.0
2211,2622,52240.0
2219,2627,50310.0
2291,4677,52241.0
2447,2285,52240.0
2448,4161,52246.0
2467,5286,52240.0
2496,5060,52240.0
2519,5014,52240.0
2528,3896,52240.0
2628,5111,52240.0
2646,4160,52240.0
2675,2513,52240.0
2792,4728,52240.0
2817,2844,52240.0
2832,2545,52245.0
2918,4697,52240.0
2930,3980,52246.0
2980,4844,52240.0
3004,3926,52240.0
3083,5224,52241.0
3130,4134,50225.0
3144,3849,52040.0
3276,2624,52002.0
3439,3944,52002.0
3450,3632,52003.0
3494,2524,52001.0
3607,4106,52002.0
3642,4334,52001.0
3660,2413,52001.0
3764,3959,52001.0
3789,5258,52001.0
3806,3841,52001.0
3834,4167,52001.0
4005,3774,52001.0
4020,4712,52001.0
4029,5042,52001.0
4045,3738,52001.0
4069,4535,52001.0
4078,2649,52001.0
4233,3495,52310.0
4379,4252,52310.0
4407,4137,50263.0
4416,4299,52214.0
4461,2666,50023.0
4463,4136,50111.0
4464,9911,50322.0
4476,4599,50317.0
4520,3625,50021.0
4559,5124,50131.0
4621,4131,50322.0
4641,3691,50322.0
4696,4449,50322.0
4707,4450,50323.0
4717,2665,50263.0
4789,3943,50201.0
4806,4378,50263.0
4813,4384,50003.0
4830,4623,50261.0
4840,5092,50265.0
4869,2619,50266.0
5140,2200,50583.0
5157,4098,52353.0
5183,4021,52556.0
5210,3811,52632.0
5227,3562,52655.0
5272,3790,52641.0
5301,2552,52404.0
5456,4492,52404.0
5471,3666,52404.0
5492,4956,52405.0
5529,4788,52405.0
5544,3912,52405.0
5595,5176,52405.0
5717,4443,52324.0
5726,4895,52402.0
5783,4634,52402.0
5802,5230,52402.0
5821,2843,52402.0
5849,5254,52402.0
5877,4496,52402.0
5900,4660,52403.0
5915,4637,52404.0
5942,4566,52404.0
5957,3822,52338.0
5976,3663,50702.0
6013,3889,50677.0
6027,3859,50644.0
6038,4019,52057.0
6054,2113,50543.0
6079,5141,50543.0
6091,4998,51449.0
6159,5010,50583.0
6183,4118,51450.0
6210,4116,51450.0
6215,5354,51466.0
6224,5151,51445.0
6251,5004,51445.0
6267,4097,51461.0
6291,3932,51034.0
6371,5228,51004.0
6377,5274,51028.0
6392,3650,51025.0
6450,5140,51012.0
6506,3989,51012.0
6531,4310,51012.0
6580,2597,51012.0
6623,3749,50588.0
6649,2576,50588.0
6709,3635,50212.0
6779,5067,50588.0
6796,5028,50588.0
6814,4163,50588.0
6821,5326,50588.0
6946,3855,50588.0
6995,3876,50563.0
7025,4324,50530.0
7061,4831,50036.0
7076,2505,50036.0
7117,4935,50703.0
7179,4408,50036.0
7192,4409,50036.0
7216,4023,50036.0
7236,4107,50036.0
7277,3769,50613.0
7314,2572,50613.0
7388,3868,52302.0
7580,4902,50703.0
7588,2571,50703.0
7624,4900,50703.0
7665,4648,50703.0
7681,5063,50703.0
7715,4077,50703.0
7731,4647,50707.0
7758,5113,50703.0
7776,4502,50703.0
7805,5243,50703.0
7843,4265,50702.0
7861,5043,50702.0
7891,3993,50701.0
7934,5174,50701.0
7974,4512,50701.0
7980,4642,50701.0
7997,3773,52401.0
8187,5236,52205.0
8326,3934,52060.0
8344,3563,52761.0
8378,2633,50320.0
8572,2564,50701.0
8779,4511,50317.0
8790,4068,50265.0
8811,5169,50313.0
8823,3909,50163.0
8844,2551,50049.0
8913,5059,50123.0
8935,2669,50060.0
8955,4027,52544.0
8972,4271,52544.0
8983,2523,52544.0
9061,3013,52537.0
9091,4046,52544.0
9118,2559,52531.0
9157,4011,52531.0
9190,4789,50044.0
9196,4817,50138.0
9222,3818,50138.0
9298,2566,50138.0
9382,4275,50138.0
9396,5080,51301.0
9410,3660,50138.0
9422,5050,50047.0
9453,2190,50314.0
9556,5309,50314.0
9565,3783,50574.0
9624,3626,51301.0
9647,4234,51301.0
9660,2565,51301.0
10009,3390,51351.0
10105,5068,51331.0
10147,5293,51331.0
10179,5104,51331.0
10211,2233,51360.0
10238,3622,51360.0
10258,2522,51360.0
10353,4239,51360.0
10376,4387,51360.0
10386,4582,51360.0
10418,5154,51347.0
10437,4272,51334.0
10499,2556,51334.0
10546,4269,52772.0
10619,4783,50536.0
10629,3704,50536.0
10731,4254,50536.0
10746,4592,50536.0
10785,2445,51560.0
10786,2512,52240.0
11019,4013,52772.0
11031,5329,52751.0
11050,5106,52742.0
11086,5298,52742.0
11107,3920,52732.0
11172,2616,52732.0
11373,5227,52732.0
11409,2806,52732.0
11486,4204,52733.0
11502,4864,52733.0
11527,3647,52732.0
11555,4132,52730.0
11568,2475,50597.0
11577,3732,52748.0
11623,3845,50569.0
11680,3592,50501.0
11730,2562,50501.0
11766,2663,50322.0
11777,5237,50501.0
11799,2644,50501.0
11910,4311,50501.0
11929,5238,50501.0
11969,5167,50501.0
12039,4805,50501.0
12047,4319,50548.0
12071,2606,50548.0
12116,3524,50010.0
12163,5005,50554.0
12186,4542,50554.0
12199,4527,50541.0
12223,4757,50035.0
12298,4103,50010.0
12314,4940,50046.0
12361,5279,50010.0
12371,4428,50014.0
12399,4437,50010.0
12437,2500,50010.0
12713,2501,50010.0
12966,4129,50010.0
13144,2609,50010.0
13170,4438,50010.0
13187,3866,50010.0
13206,4004,50010.0
13217,4674,50010.0
13299,4105,50201.0
13345,5000,50201.0
13354,5135,50124.0
13371,3952,52722.0
13373,4453,50436.0
13378,3772,50314.0
13401,4448,50322.0
13406,5250,50317.0
13460,2625,52804.0
13640,3776,52806.0
13689,2603,52722.0
13693,4192,52722.0
14114,5013,52722.0
14137,5335,52722.0
14159,4717,52722.0
14167,2840,52722.0
14184,3715,52807.0
14244,2614,52807.0
14292,4630,52803.0
14352,4640,52807.0
14389,4652,52803.0
14408,5319,52802.0
14445,3853,52804.0
14476,2637,52804.0
14509,5257,52501.0
14601,5003,52804.0
14629,2502,50021.0
14725,3723,51040.0
14903,4971,50327.0
14940,4433,50317.0
14975,3949,50219.0
14986,2642,50219.0
15064,3990,52577.0
15176,3735,52577.0
15216,4300,52577.0
15228,4821,52577.0
15236,2596,52501.0
15310,3726,52501.0
15341,2543,52501.0
15597,4069,52501.0
15609,3916,52501.0
15651,5300,52501.0
15755,2611,52501.0
15862,2548,50009.0
15989,2238,50009.0
16111,2594,51106.0
16134,5348,50142.0
16301,4202,51106.0
16320,3879,51106.0
16324,5351,51101.0
16343,4879,51106.0
16381,4884,51106.0
16402,4565,51106.0
16422,2621,51105.0
16517,3808,50651.0
16588,3869,52241.0
16666,4452,51105.0
16785,2623,51104.0
16967,3820,51103.0
17101,4975,51104.0
17126,4588,51103.0
17153,4558,51105.0
17188,2667,51104.0
17230,4200,51108.0
17244,4568,51108.0
17281,3757,51108.0
17326,5086,51106.0
17342,3447,51106.0
17360,3722,51106.0
17394,4201,51109.0
17414,5027,51101.0
17431,4676,51101.0
17443,4197,51054.0
17472,4888,51054.0
17496,4444,51055.0
17520,5264,50169.0
17576,3942,52342.0
17641,4195,52342.0
17659,4025,52208.0
17684,4070,52208.0
17731,5268,52206.0
17747,2618,52402.0
17762,3417,52301.0
17905,4439,52213.0
17930,4346,52332.0
17969,5292,52349.0
17976,4228,52349.0
17988,4298,52224.0
18026,5202,50634.0
18041,4978,50702.0
18049,4557,50675.0
18067,5323,50635.0
18080,5284,52211.0
18104,3873,52241.0
18120,2670,52241.0
18345,5009,52241.0
18537,4157,52317.0
18550,3928,52317.0
18557,5105,52317.0
18700,2508,52405.0
19015,5222,52402.0
19046,2568,52402.0
19073,5356,52405.0
19113,3890,52405.0
19175,5073,52404.0
19185,2846,52404.0
19212,4162,52404.0
19232,5190,52351.0
19283,4393,50325.0
19302,5339,52301.0
19344,5150,52347.0
19357,3629,51503.0
19358,5360,52802.0
19425,3762,50322.0
19468,4773,50265.0
19491,9906,50317.0
19499,4849,50314.0
19548,5102,52314.0
19556,2626,50311.0
19574,2635,52807.0
19823,3731,52807.0
19885,3354,52807.0
19913,2838,52806.0
19930,4751,52806.0
19939,4694,52806.0
19953,2567,52806.0
20076,4638,52804.0
20099,3858,52806.0
20130,5215,52753.0
20155,4196,52806.0
20179,5029,52806.0
20235,4847,52753.0
20287,3420,50311.0
20309,3645,50311.0
20344,4461,50324.0
20403,4388,50325.0
20443,2854,50323.0
20528,4392,50325.0
20569,4732,50325.0
20578,4733,50322.0
20586,4661,50111.0
20612,4374,50111.0
20632,4209,50111.0
20673,4375,50111.0
20687,4344,50111.0
20842,4901,50226.0
20868,4362,50226.0
20878,4083,50021.0
20913,4609,50023.0
20926,4397,50021.0
20942,4405,50021.0
20986,2106,50613.0
21074,2130,50703.0
21178,5155,50701.0
21213,4988,50613.0
21223,4932,50613.0
21312,4959,50613.0
21385,3995,50613.0
21421,4761,50701.0
21429,4958,50613.0
21525,3713,50401.0
21552,3528,50401.0
21573,2515,50401.0
21611,3664,50459.0
21771,2652,50401.0
21869,2582,50401.0
21994,5034,50401.0
22025,5251,50401.0
22075,4668,50428.0
22092,3456,50428.0
22270,4969,50428.0
22381,4091,50428.0
22402,5069,50450.0
22408,5334,50450.0
22446,5115,50456.0
22458,4104,50401.0
22469,5280,50401.0
22483,5247,50469.0
22521,3525,52353.0
22579,2517,50208.0
22711,4807,52361.0
22730,4787,52338.0
22773,4493,52404.0
22938,4500,52317.0
22979,4427,52317.0
23002,5196,52241.0
23015,4713,52241.0
23033,3670,52241.0
23098,4366,52340.0
23121,5011,52361.0
23141,3888,50112.0
23152,2579,50112.0
23195,3054,50112.0
23215,4345,50112.0
23297,4185,50112.0
23319,5138,50135.0
23342,4604,50208.0
23468,5116,50702.0
23515,4194,50208.0
23537,3041,50054.0
23583,3514,50501.0
23626,9002,52753.0
23636,9902,52753.0
23640,5321,52208.0
23645,5303,50158.0
23662,3719,50158.0
23687,2544,50158.0
23948,5248,50158.0
24018,5346,50158.0
24088,4756,50158.0
24094,5324,50247.0
24130,5179,50028.0
24141,4727,50021.0
24159,4810,50021.0
24177,4084,50023.0
24194,4404,50021.0
24205,4726,50021.0
24432,4601,50317.0
24450,4598,50317.0
24474,4795,50317.0
24477,5125,50316.0
24541,4803,50313.0
24555,4140,50313.0
24779,4802,50310.0
24790,5162,50322.0
24801,3877,50322.0
24935,4941,50322.0
25121,4447,50322.0
25132,2587,50131.0
25356,2648,50265.0
25588,4368,50131.0
25603,4725,50023.0
25831,2528,50315.0
26020,4603,50320.0
26057,2561,50321.0
26231,4301,50320.0
26259,5129,50321.0
26297,4595,50321.0
26347,4997,50309.0
26388,4942,50309.0
26395,2849,50320.0
26409,4798,50320.0
26438,3678,50320.0
26449,4877,50325.0
26461,2248,50312.0
26521,5127,50312.0
26588,4804,50312.0
26602,2535,50265.0
26641,4230,50325.0
26654,2630,50266.0
26673,4373,50266.0
26680,3814,50266.0
26692,3899,50266.0
26944,5347,50265.0
26965,4927,50265.0
26993,2521,50265.0
27165,5146,50265.0
27177,4718,50266.0
27235,4521,50107.0
27264,4190,50129.0
27325,2671,50129.0
27367,5205,51443.0
27387,4158,51401.0
27406,4613,51401.0
27419,4688,51401.0
27441,2593,51401.0
27477,4014,51442.0
27602,4410,50220.0
27620,4001,51401.0
27651,2595,51442.0
27805,3756,51455.0
27846,5343,50058.0
27858,4917,50220.0
27874,2612,50220.0
27990,4320,50220.0
28014,5012,50220.0
28034,3831,50156.0
28061,3987,50511.0
28064,4169,50317.0
28111,4385,50210.0
28146,5144,50021.0
28201,2628,50627.0
28219,4110,50665.0
28272,2657,50833.0
28375,2620,50311.0
28625,4893,50265.0
28639,4594,50312.0
28664,4369,50211.0
28675,4092,50211.0
28700,4260,50213.0
28720,2550,50213.0
28772,3997,50213.0
28782,4419,50140.0
28788,2668,50144.0
28819,3826,50213.0
28855,4382,50265.0
28937,4801,50311.0
28952,5098,50311.0
28962,4165,50023.0
28980,4549,50056.0
28986,5337,50621.0
29008,4659,50621.0
29031,4250,50627.0
29074,4455,50627.0
29081,4657,50680.0
29087,5206,50638.0
29127,4495,50638.0
29147,4396,50669.0
29179,4306,50441.0
29223,4547,50441.0
29248,4421,50441.0
29273,2460,50441.0
29314,4658,50126.0
29327,4284,50126.0
29340,2658,50854.0
29354,3813,50854.0
29398,2655,51632.0
29424,4249,51632.0
29467,5210,51632.0
29514,4246,51601.0
29523,2607,51601.0
29601,4937,51601.0
29608,4629,51534.0
29637,4708,51534.0
29668,4010,51534.0
29705,4738,51501.0
29714,4545,51503.0
29751,4510,51551.0
29768,2518,51566.0
29883,4318,51566.0
29899,2656,51632.0
29925,2327,50841.0
29975,5110,50851.0
30000,3830,50801.0
30029,2553,50801.0
30066,2672,50273.0
30091,4823,50801.0
30113,4291,50801.0
30162,4531,50830.0
30169,2228,50273.0
30222,4848,50273.0
30296,4907,50613.0
30309,4947,50647.0
30451,4147,50613.0
30463,3819,52101.0
30469,4631,50613.0
30490,4914,50613.0
30507,2835,50613.0
30523,4723,50613.0
30536,5007,50622.0
30550,5181,50622.0
30560,5352,50676.0
30581,3717,50674.0
30607,3857,52172.0
30637,4762,52144.0
30727,4818,52101.0
30728,4183,52101.0
30773,3721,52101.0
30806,4289,52172.0
30826,2178,52172.0
30918,5017,52151.0
30959,5330,52162.0
30988,4973,52175.0
31043,4466,52142.0
31055,5180,50662.0
31071,4628,50662.0
31089,4156,50662.0
31110,5199,50662.0
31123,3584,50662.0
31163,4395,50075.0
31183,4651,50130.0
31208,5297,50595.0
31232,2602,50595.0
31262,4709,50010.0
31388,5187,50010.0
31405,4235,50595.0
31420,5296,50595.0
31427,4133,50595.0
31450,4459,50533.0
31465,4236,50533.0
31531,4556,50542.0
31542,3056,50525.0
31567,4591,50525.0
31579,5287,50525.0
31585,5302,50421.0
31595,3654,50421.0
31611,4247,50421.0
31628,4172,50006.0
31649,4355,50248.0
31671,4081,50248.0
31738,4102,50010.0
31785,4675,50010.0
31807,4767,50023.0
31832,5245,50315.0
31909,5051,50309.0
31934,4478,50315.0
31969,4597,50315.0
32016,5145,50315.0
32056,4186,50321.0
32076,5131,50316.0
32116,3700,51521.0
32163,5322,51521.0
32190,4743,51503.0
32240,3443,51503.0
32316,3728,51503.0
32388,4476,51501.0
32399,5182,51501.0
32424,3963,51501.0
32490,4740,51501.0
32504,5327,51501.0
32508,4317,50849.0
32559,4626,51501.0
32579,4808,51501.0
32591,4474,51501.0
32615,4608,51503.0
32652,5314,51501.0
32750,4462,50424.0
32768,4509,50010.0
32777,3477,51501.0
32813,4503,51575.0
32862,4516,51560.0
32947,4463,50438.0
32973,4780,50423.0
32983,3682,50483.0
33001,4268,50511.0
33058,2585,50511.0
33174,3842,50517.0
33224,4650,50590.0
33259,4073,50436.0
33358,3881,50158.0
33408,5126,50310.0
33547,2539,50126.0
33675,2651,50677.0
33866,4146,50677.0
33906,4538,50619.0
33913,4999,50619.0
33923,4700,50602.0
33936,3676,50636.0
33997,4203,50677.0
34036,4924,50658.0
34072,3688,50630.0
34087,4285,50659.0
34157,4143,52154.0
34287,4233,52136.0
34328,4769,50628.0
34347,4559,50461.0
34440,3542,50472.0
34468,4986,50435.0
34485,5134,50616.0
34497,5121,50616.0
34536,4321,50616.0
34572,2578,50616.0
34697,4524,50458.0
34727,3045,50423.0
34759,4600,50317.0
34823,4273,50317.0
34928,4057,50316.0
34929,3825,50316.0
34974,4062,50314.0
35055,5128,50310.0
35109,2852,50310.0
35161,3612,52060.0
35186,3778,50310.0
35289,2850,50313.0
35302,5338,50313.0
35597,3886,52205.0
35621,5333,52205.0
35741,3829,52314.0
35816,4856,52253.0
35876,4562,52306.0
35889,4953,52254.0
35930,4051,52060.0
36159,3488,52031.0
36177,4540,52031.0
36188,4690,52207.0
36202,4543,52302.0
36216,4180,52302.0
36308,4876,52233.0
36326,3707,52402.0
36398,2569,52402.0
36548,4605,52302.0
36586,4736,52302.0
36623,2514,50129.0
36682,2847,52302.0
36702,4401,52302.0
36735,4155,52302.0
36780,2560,52302.0
36996,5039,52333.0
37004,4126,52333.0
37115,3494,50702.0
37183,2538,50702.0
37227,4166,50648.0
37425,5364,50707.0
37455,2575,50702.0
37497,2643,50701.0
37686,4760,50701.0
37713,4150,50701.0
37751,3690,50702.0
37788,3740,50702.0
37840,4910,50702.0
37886,2837,50702.0
37907,4223,50707.0
38002,4153,50707.0
38030,5031,50667.0
38090,5001,50644.0
38174,3784,50644.0
38251,4148,50644.0
38252,5175,52223.0
38336,5271,50682.0
38369,4189,52057.0
38376,5054,52087.0
38486,5171,52036.0
38538,3744,52040.0
38562,4182,52040.0
38591,4585,52046.0
38604,5148,52053.0
38626,4607,52052.0
38636,3782,52052.0
38681,4869,52052.0
38710,3679,52159.0
38782,4972,52159.0
38808,4908,52043.0
38862,4130,52565.0
38881,3803,52076.0
38882,4855,52076.0
38903,3957,52042.0
38922,4943,52554.0
38938,4296,52565.0
38991,2555,52632.0
39129,4993,52632.0
39160,2191,52632.0
39313,4673,52656.0
39356,4793,52627.0
39384,3549,52627.0
39457,2584,52627.0
39546,4619,52627.0
39643,4258,52601.0
39673,4898,52601.0
39690,4721,52601.0
39707,5204,52601.0
39726,4722,56201.0
39732,4424,52601.0
39771,4752,52655.0
39805,5149,52601.0
39842,2507,52601.0
39884,4897,52601.0
39944,2506,52601.0
40263,4794,52601.0
40292,5071,52747.0
40309,4698,52556.0
40326,4522,50170.0
40391,2601,52556.0
41067,5040,52778.0
41186,3838,52722.0
41327,5108,52722.0
41354,5249,52803.0
41437,4644,52803.0
41445,5100,52802.0
41470,4962,52803.0
41504,3917,52804.0
41598,4749,52804.0
41614,3805,52084.0
41693,5226,52802.0
41741,4892,52802.0
41821,4949,52802.0
41836,5320,52801.0
41896,2554,52802.0
41915,4303,52637.0
41947,3918,52802.0
42019,4967,52726.0
42098,2629,51503.0
42378,2641,51501.0
42488,2613,51501.0
42653,5315,52591.0
42693,5316,52591.0
42736,4279,52248.0
42754,4580,52353.0
42924,2653,52353.0
43082,5163,52641.0
43089,5072,52641.0
43115,2558,52641.0
43274,4790,52405.0
43377,4125,52653.0
43422,4413,52653.0
43435,3710,52738.0
43440,3403,52738.0
43522,5090,52761.0
43536,5299,52761.0
43545,5091,52761.0
43631,2662,52761.0
43855,4467,52761.0
43897,4984,52761.0
43986,2573,52761.0
44175,5260,52761.0
44194,3907,52761.0
44259,4184,52761.0
44309,5261,52761.0
44344,4806,52776.0
44366,3910,52327.0
44380,4402,52327.0
44395,4067,52356.0
44437,5252,52316.0
44449,3712,50171.0
44495,3065,50171.0
44516,4878,51245.0
44538,4193,51346.0
44563,3576,51346.0
44628,4485,51248.0
44664,4248,51201.0
44679,2661,51201.0
44784,3621,51201.0
44901,4589,51249.0
44944,4891,51249.0
45004,4336,51237.0
45037,4434,51246.0
45067,3705,51246.0
45150,4337,51241.0
45181,4006,51241.0
45187,4904,51241.0
45229,4820,51240.0
45263,5153,51240.0
45293,5263,51247.0
45330,4909,51247.0
45342,4563,51027.0
45359,3763,51023.0
45392,4525,51001.0
45424,4255,51041.0
45470,5133,51041.0
45516,4256,51250.0
45539,3981,51250.0
45586,2660,51250.0
45647,3742,51031.0
45688,2604,51031.0
45756,4277,51031.0
45793,4231,51031.0
45824,3695,51050.0
45865,3484,51035.0
45887,5311,51046.0
45921,4569,51058.0
45943,4532,50585.0
45955,3964,50585.0
45999,5266,50510.0
46004,3461,50250.0
46026,4654,50250.0
46046,4416,50048.0
46065,4417,50002.0
46076,4267,50020.0
46129,3833,50022.0
46159,2591,50022.0
46326,5081,50022.0
46347,4313,50022.0
46364,5208,50022.0
46368,4114,50022.0
46418,5082,50022.0
46426,5194,51570.0
46455,5177,51553.0
46464,5195,51530.0
46483,4159,51503.0
46718,4475,51501.0
46780,3521,51501.0
46808,4867,51501.0
46825,5342,51510.0
46855,4633,51510.0
46890,5077,51501.0
46924,3611,51546.0
46929,5044,51526.0
46944,4152,51555.0
47068,5089,51555.0
47098,5087,51546.0
47127,4000,51579.0
47236,5362,51529.0
47237,2650,51537.0
47271,4995,51537.0
47284,4229,51537.0
47424,5173,50025.0
47442,4473,50216.0
47633,5094,52401.0
47640,4950,52403.0
47733,2841,52403.0
47744,4491,52403.0
48569,4517,52402.0
48578,4744,52402.0
48623,4377,50313.0
48912,4596,50317.0
48953,4141,50320.0
49037,4641,50315.0
49073,4800,50320.0
49224,4138,50125.0
49491,4836,52240.0
49501,4457,52246.0
49517,4456,52246.0
49543,3565,52246.0
49684,4989,52240.0
50029,5219,52240.0
50118,4837,52240.0
50220,4504,50125.0
50248,5118,52068.0
50594,2465,52003.0
50713,4765,52001.0
51110,5306,52001.0
51299,4171,52033.0
51537,5239,52214.0
51754,5211,50131.0
51798,4853,50131.0
52239,4678,50003.0
52298,4359,50263.0
52387,4411,50069.0
52417,4872,50072.0
52427,4868,50263.0
52472,4446,50322.0
52548,4458,50131.0
52993,4923,51005.0
53260,4905,50579.0
53371,4930,50036.0
53618,5023,52404.0
53646,5024,52404.0
53654,2529,52405.0
53764,4176,52405.0
54079,4490,52404.0
54434,4720,50049.0
54899,4840,50707.0
55169,5101,50701.0
55485,4472,52544.0
55857,4380,52358.0
56227,4480,52732.0
56486,4412,52772.0
56505,4170,52358.0
56658,4508,51301.0
56663,3677,51338.0
57345,4774,51334.0
57346,4251,50014.0
57369,4899,51342.0
57616,5267,50501.0
57792,4702,50501.0
57802,2851,50501.0
57942,4514,50501.0
58085,5048,50581.0
58099,4326,50249.0
58118,4701,50036.0
58142,4896,52146.0
58400,3973,50014.0
58630,4436,50010.0
58818,2853,50014.0
58827,4960,50010.0
59332,4356,50201.0
59417,4575,50244.0
59743,4191,50219.0
59843,3789,52577.0
60026,2600,52577.0
60074,5301,52501.0
60138,4735,52501.0
60475,4293,52553.0
60486,4655,50228.0
60618,4135,50009.0
60638,4919,50009.0
61579,4841,52804.0
61586,4952,52804.0
62138,5065,51106.0
62579,5045,51103.0
62880,4703,51101.0
63091,4705,52241.0
63336,5096,52317.0
63366,5225,52317.0
63743,5207,52404.0
63759,4852,52404.0
63859,4745,52404.0
63911,4921,52404.0
63935,4861,52404.0
64045,5147,52347.0
64157,5317,52342.0
64331,5269,52202.0
64369,5253,52213.0
64389,4551,52345.0
64525,4980,50702.0
64537,4981,50675.0
64554,4770,50643.0
64843,4731,50325.0
64955,5058,50323.0
65013,5332,50111.0
65213,4873,50109.0
65451,3540,52807.0
65538,4748,52807.0
65953,4911,52768.0
66006,5156,52753.0
66497,4353,50248.0
66803,5283,50401.0
67345,5282,50401.0
67354,5212,50401.0
67438,4553,50475.0
67597,3624,50208.0
67931,4364,50112.0
68075,4365,50112.0
68290,5290,50206.0
68340,4429,50054.0
68891,4734,50322.0
69220,5307,50131.0
69251,4406,50023.0
69508,5117,50158.0
69527,4205,50158.0
69551,2592,50158.0
69674,4665,50021.0
70469,4696,50266.0
70481,4519,50266.0
70577,5255,50266.0
70586,4379,50266.0
70704,4518,50266.0
70712,3806,50266.0
70746,5340,50266.0
70755,4371,50265.0
70962,4719,50265.0
71108,4715,50265.0
71201,4539,51462.0
71474,5079,51442.0
71489,4149,51442.0
71568,5203,50058.0
71695,4577,50276.0
71924,4621,50161.0
71961,3606,50638.0
72037,3591,50601.0
72152,5055,50452.0
72158,4024,50126.0
72174,5325,50122.0
72738,4370,50211.0
72755,5229,50211.0
72772,4882,50240.0
72957,5358,50033.0
73113,4266,51601.0
73169,5223,51653.0
73189,3880,51503.0
73207,4042,51534.0
73637,4253,50273.0
73859,3930,52166.0
74240,4034,52162.0
74401,3648,50629.0
74584,4515,50071.0
74614,5289,50248.0
74768,4414,51559.0
74788,5158,51501.0
74827,4440,51503.0
74840,4477,51503.0
74920,4741,51503.0
75018,4435,51501.0
75185,4866,51501.0
75361,5052,50849.0
75535,3698,50266.0
75859,5119,50430.0
76022,5310,50511.0
76117,4529,50424.0
76207,5246,50436.0
76566,4584,50602.0
76618,4754,50677.0
76875,4945,50461.0
77963,5020,52337.0
77990,4541,52037.0
78222,5019,52031.0
78239,4934,52336.0
78295,4679,52402.0
78936,5295,50702.0
79377,3587,52632.0
79973,5062,52639.0
80191,4859,52601.0
81677,5070,52778.0
82060,2839,52804.0
82230,5198,52803.0
82311,3882,52802.0
83249,4746,52761.0
83634,4970,52776.0
83757,5041,50171.0
83839,5075,50207.0
84331,5112,51240.0
84793,4777,51046.0
84897,4880,50020.0
85031,3465,50216.0
85122,4418,51577.0
85606,5164,51501.0
85803,5114,51555.0
85929,4560,51537.0
86033,2459,50115.0
86847,4482,50125.0
88979,4663,52068.0
89179,4711,52002.0
89641,4685,52001.0
90389,5341,52405.0
90928,5157,50563.0
91012,4838,50212.0
91181,4664,50036.0
91223,5159,50579.0
91842,5193,51453.0
92392,5270,50322.0
92547,4890,50323.0
92710,4669,50312.0
92853,4929,50003.0
92910,4887,50266.0
93797,4759,50703.0
93818,2836,50703.0
93921,5294,50703.0
94301,4948,52777.0
94830,4645,52748.0
94875,4912,52748.0
95422,4507,51301.0
95590,3891,50536.0
95648,5021,51355.0
96005,4854,50514.0
96026,4274,51358.0
96238,5281,50501.0
96377,5288,50501.0
96571,4775,50529.0
96829,5221,50060.0
96864,5217,52590.0
97019,4232,52571.0
97282,5109,50047.0
98311,4695,50009.0
99609,4520,50124.0
99828,5262,52722.0
101566,5344,51104.0
101737,5076,51106.0
101772,5083,51104.0
101807,5188,51101.0
102148,5328,52346.0
103204,5025,52403.0
103333,4635,52405.0
103445,5172,52404.0
105905,4351,50248.0
106767,4506,52340.0
107101,4724,50208.0
107191,5275,50208.0
107883,4505,50131.0
108262,5170,50247.0
108272,4338,50162.0
108304,3656,50021.0
108309,5099,50023.0
109294,3871,50266.0
110732,4415,50601.0
111370,4544,50213.0
111422,4782,50140.0
111783,4573,51640.0
111854,4602,51561.0
112337,4786,50273.0
112382,4590,50613.0
113041,4938,50641.0
113659,4739,51503.0
114771,4797,50316.0
115275,5367,50630.0
115503,3393,50466.0
115625,4533,50472.0
117238,5350,52302.0
117529,4991,52043.0
118223,4498,50682.0
118508,4578,52626.0
118655,4692,52632.0
118764,5213,52639.0
118828,4689,52627.0
118961,4857,52655.0
119367,4858,52655.0
119390,4983,52655.0
119678,4699,52722.0
119836,4747,52803.0
120351,4552,52728.0
120479,5336,52761.0
120742,5259,51534.0
124025,4523,50076.0
126130,4343,50313.0
126981,4710,52002.0
127599,3872,52003.0
127763,5241,52001.0
128137,5006,52001.0
128277,4536,52003.0
128312,5183,52033.0
129532,4730,50131.0
130051,4489,52405.0
130245,5061,52404.0
130377,5304,50583.0
130497,5120,51034.0
130683,4982,51002.0
130935,4210,50588.0
130957,4737,50588.0
132306,5216,50237.0
132771,5233,50225.0
133218,4706,52732.0
133396,5355,52748.0
133607,5278,51301.0
134666,3901,50501.0
137037,5353,50219.0
137438,5273,50219.0
140411,4454,51109.0
140697,4968,52211.0
141914,5064,52228.0
143523,4119,50613.0
144046,4513,50226.0
144115,2848,50023.0
146338,4828,50158.0
146362,4528,50158.0
149356,4546,51443.0
150130,9001,52338.0
150139,9901,52338.0
150569,4944,50160.0
150598,4825,50213.0
150737,3582,50144.0
150988,5308,50441.0
151439,4643,51566.0
152519,5186,52175.0
153128,4656,50010.0
153196,4015,50010.0
153335,4785,51521.0
154868,4571,50602.0
155284,5366,50616.0
159253,4501,52556.0
160663,4315,52353.0
161006,4468,52761.0
161512,4627,50251.0
162711,4753,50002.0
163375,5078,51501.0
163476,5291,51510.0
168988,4792,50069.0
170133,3652,51445.0
170628,4610,50540.0
172043,5218,50049.0
172288,4811,50150.0
172630,4325,50864.0
173115,4707,52732.0
174894,5285,50548.0
177802,5349,52328.0
177817,5200,52328.0
177848,4548,52352.0
178404,4915,52722.0
179097,4791,51106.0
180670,5197,52241.0
181319,5305,52404.0
182331,5107,50311.0
182916,9010,50211.0
188121,4653,50129.0
190371,5276,51573.0
190580,4824,50801.0
192230,2845,51503.0
192954,4796,50321.0
193539,5365,50619.0
194873,5369,52031.0
195428,4885,52079.0
197240,4555,52625.0
197401,5046,52632.0
200178,4843,52761.0
202229,5232,50025.0
202993,5088,51238.0
203011,4985,51038.0
204292,4714,50125.0
205098,5242,52240.0
206794,5234,52003.0
210017,5312,51061.0
210389,4781,50535.0
212098,5265,52571.0
212504,5240,52358.0
218830,4750,52807.0
219151,5185,52241.0
225173,4530,52227.0
229808,9023,51401.0
230286,4537,50144.0
230877,2673,50309.0
231412,4779,50854.0
237000,9912,50111.0
237546,5370,50606.0
242257,5372,51346.0
242478,5331,51237.0
244239,5191,50115.0
249349,5235,50263.0
259108,5371,52722.0
260373,4554,51103.0
260848,4846,51040.0
278117,4933,52601.0
278209,5361,52601.0
283187,5161,51501.0
287137,5201,52001.0
287854,5209,52001.0
287875,4996,52001.0
295057,4716,51301.0
303106,4755,50401.0
313230,4497,50006.0
318873,4992,52623.0
323600,5056,51501.0
328141,4766,52003.0
343948,9919,50325.0
354559,5035,51503.0
359378,5373,52052.0
365649,5357,51041.0
374796,5377,50579.0
377882,4499,51351.0
385034,5277,51040.0
391455,5363,50325.0
398325,5375,50315.0
402692,5368,50644.0
407938,5376,51023.0
422878,9925,50310.0
425786,9927,51463.0
431506,5388,50459.0
431586,5383,50459.0
435451,5385,50265.0
436069,5384,50220.0
439105,5394,52101.0
439543,5387,50595.0
439765,5386,50533.0
441608,5393,50461.0
451913,5392,50035.0
468637,5380,51106.0
473479,5391,50428.0
478471,5378,50005.0
487033,5272,52040.0
494448,5396,50125.0
505617,9928,52404.0
509888,5390,51104.0
536372,5405,52241.0
537257,5402,52240.0
554715,5404,52322.0
573762,5403,52802.0
608575,5410,50257.0
616011,5381,52159.0
628333,5409,50263.0
634182,5401,52732.0
644550,5399,50456.0
647425,5416,50158.0
649926,5411,50220.0
664728,5413,51240.0
675269,4464,52748.0
685202,9910,50211.0
713173,5423,51201.0
731175,5398,50054.0
738036,5425,50111.0
741063,5389,52136.0
751349,5421,51537.0
752941,5382,50009.0
755277,5427,52001.0
758423,5256,50583.0
760119,5415,50703.0
766944,5374,52501.0
781664,5424,51503.0
782464,5426,50613.0
810637,5429,50632.0
820967,5430,50595.0
825886,5400,51463.0
828254,5422,50171.0
849783,5431,51031.0
851145,5420,52404.0
852012,4778,50588.0
887485,5428,52403.0
888081,5418,52411.0
888380,5406,52241.0
892605,5417,52404.0
902058,5412,52339.0
909167,5397,52203.0
909586,5407,52361.0
911634,5408,50158.0
955601,5395,50111.0
963905,9031,51530.0
974637,5434,52655.0
979974,5432,50035.0
990439,5437,52310.0
996571,9931,51530.0
1001304,5436,52806.0
1050009,9932,52002.0
1050010,9022,52801.0
1050013,9922,52801.0
1066952,5439,52641.0
1071020,5440,51555.0
1117913,5435,51346.0
1118455,5446,51247.0
1120506,5443,50317.0
1123472,5445,52246.0
1127472,5441,51012.0
1191149,5444,50158.0
1289436,5449,52401.0
1341014,5453,51535.0
1408933,5433,50428.0
1420968,2674,50140.0
1424553,5448,52627.0
1428844,5458,51235.0
1459154,5447,50667.0
1462005,5456,50662.0
1462081,5455,50662.0
1493695,5465,50010.0
1502950,5462,52405.0
1510191,5466,50315.0
1512977,5454,50525.0
1522726,5464,50563.0
1527729,5450,50501.0
1572348,5461,50579.0
1576838,5457,50598.0
1597031,5379,50447.0
1604326,5470,52761.0
1606020,5451,51201.0
1638267,5463,52101.0
1641692,5471,50036.0
1654301,5460,52241.0
1658942,5474,50702.0
1684645,5473,52302.0
1691340,5480,51041.0
1725974,5459,50841.0
1726803,5452,52101.0
1727166,5477,52158.0
1734188,5482,52801.0
1778142,5472,50707.0
1790797,5481,52402.0
1793249,5487,50707.0
1796852,5476,52748.0
1807891,5475,50613.0
1815681,5491,50601.0
1824409,5478,52601.0
1852557,5490,50469.0
1858274,5493,51566.0
1860970,5485,50248.0
1869852,5489,52659.0
1880621,5492,50579.0
31,4308,52241
41,5166,50158
43,4297,52402
57,2290,50588
106,5165,50450
206,4576,51331
222,3908,52627
238,3950,50247
241,3986,51101
259,4974,50317
260,4481,52240
263,5123,50325
264,4874,52641
272,4016,50621
288,4827,52240
382,4222,50707
390,3162,52761
406,4360,50208
475,4173,51046
478,4358,50525
485,3766,50659
565,4670,50676
570,4376,50401
607,4471,50702
631,2353,52136
697,3573,52501
746,3747,52591
747,4283,52302
780,4177,50142
901,5160,52501
907,3894,52402
913,3785,50315
922,2152,50469
929,3968,50170
962,4764,50501
1008,4862,51028
1070,4615,50401
1380,4214,50703
1400,4612,52802
1416,5018,52802
1468,3947,52211
1593,4839,50459
1763,5037,50129
1787,5130,52801
2313,5132,50315
2349,4164,52722
2443,5074,52402
2458,4307,712-2
2949,4426,50158
4172,4018,50635
4268,4883,52591
4611,3400,50317
4880,4008,51004
4996,4090,50682
5081,3972,50122
5170,4295,50317
5175,2498,50606
5244,5103,52761
5589,4357,50248
5631,4662,52405
5770,3779,50501
5910,4987,50010
6037,4667,50033
6081,4561,50707
6332,4686,52732
6716,4813,52751
7418,4926,50322
7684,5137,50313
8105,4979,52402
8971,4620,50846
9178,4451,50595
9210,4367,50401
9233,4768,50322
9442,4430,50501
9686,4420,52501
9770,4925,50266
9899,4431,50501
10036,5022,50265
11165,4704,51501
12464,4445,50595
12912,5152,50702
13421,4398,50421
13453,4372,50401
13489,4957,51466
13557,4470,50703
13677,4742,51501
14545,5192,52328
15623,4112,52317
21131,5095,51510
26471,5047,52402
31823,3655,51104
33970,5066,52003
36079,5189,50266
159264,4961,52003
349396,5220,50401
409406,5178,52776
808277,4903,52571
1859715,9929,52240
1925501,9018,52001
2183787,9930,50667
1,2205,51632
20,5093,52753
69,4881,50058
137,4860,52404
232,2954,50300
238,5036,52402
271,2959,50310
328,4288,52404
333,4625,51501
340,2487,52205
349,3437,50211
391,3692,52314
396,3631,50025
405,4572,50638
520,4812,50616
531,4681,52175
781,2367,51601
945,3529,51012
980,3970,50201
1271,4729,51442
1340,3761,50851
1457,5053,52245
1800,2955,50310
1966,4276,50450
2041,2958,50317
2260,5008,50536
2393,2956,50300
2402,2962,50131
2718,4672,52052
2892,4349,50315
2975,4386,50158
3039,2953,50316
3074,5085,50643
3226,2963,50325
3585,4834,52761
3642,5168,52402
4024,5139,50703
4241,2599,52241
4614,5038,50701
4648,4071,50136
4797,4030,51347
5020,2951,50322
5415,5026,52316
5818,3925,52317
7110,4432,52241
7466,4691,50126
7561,4683,50701
7792,4322,50028
8078,4085,50703
8160,4567,50313
8212,4920,50131
8651,4776,51401
10838,4990,51535
10947,4188,52053
11055,4012,50316
11149,2961,50265
11524,3440,50309
12533,5030,50701
12615,4889,50315
13123,3451,52742
15257,4335,51240
15790,4586,50579
16732,4583,50563
18014,5033,50702
21172,3864,51053
21278,4939,50322
24269,4425,51501
25969,4870,52722
27962,4270,52501
30164,4488,52404
36446,4121,52653
47886,3969,50849
50175,4954,50322
54162,5084,52402
54233,5136,50322
65726,5032,50314
65871,4486,51355
75527,4059,52208
57,4117,51331
188,2964,50023
208,4616,51301
238,4075,50701
317,4963,52747
407,4381,52361
419,4964,52778
489,4007,52161
523,4340,50010
549,3352,52057
556,4108,50310
635,3614,51445
652,4403,50311
667,4221,50702
692,3797,52806
1069,2537,50501
1169,5049,50677
1253,4835,52402
1360,4181,52001
1387,4093,50501
1663,4099,50435
1676,4005,52151
1866,4931,50643
2031,3962,51537
2074,3791,50129
2118,2510,52403
2234,4036,50701
2295,2659,50060
2401,4072,52804
2507,4772,50265
2533,4574,50598
2609,3994,51331
3605,3616,50554
3606,4875,50613
3654,4332,50314
3857,4050,50701
4026,2583,52353
4220,3798,51023
4311,2960,50265
4533,3915,50583
4565,2638,50613
4629,3847,50703
4764,4976,51103
5167,3976,52316
5678,3615,50536
6589,4951,52402
6749,4955,50401
7025,4465,50575
7598,4928,50314
9681,4139,50314
10042,4865,50581
10177,4994,50703
11599,4966,50588
12816,4936,51575
12973,4946,50702
14023,4225,50158
16218,4977,51106
18607,3534,50603
19036,4693,52404
19121,4784,52404
22149,4618,52403
25654,4494,51103
26026,4029,52035
29237,4906,52404
41249,4101,50046
41560,4646,50629
43722,4632,50314
44074,3003,51449
47180,3536,50533
47299,4095,50703
85682,5016,52402
98339,4441,52049
110057,4965,50588
127265,4460,52159
138419,4816,51601
140964,4534,52069
166798,4331,52175
283043,4871,52146
1568970,9014,51025
2,3929,50703
11,4187,51249
89,4564,52747
134,4758,50588
290,3583,50060
370,3878,50613
410,4526,52804
457,4219,50428
562,4593,51247
565,4581,50613
599,4833,50174
643,3482,51401
675,4257,50703
737,4347,52726
808,2503,50021
887,3016,50622
891,3531,50461
993,3885,50644
1066,4649,51501
1234,4484,52776
1330,3911,52361
1545,4302,50314
1552,4442,51003
1643,4348,52778
1807,4035,50613
1810,3697,52004
1910,4809,50658
1952,4327,52233
2034,4894,52802
2057,2664,50616
2195,4814,50702
2539,3895,52601
2708,4304,50309
2788,4328,52101
2839,4076,52802
3224,4606,51103
3355,4294,50595
3709,4043,52601
3748,4614,50322
3895,4886,52402
4082,4851,52404
4213,4078,50613
4342,4850,52402
4830,4080,50613
5061,3492,50579
5311,4922,50158
5508,4109,50315
6944,2422,50309
7750,4044,52601
10008,4341,51535
10410,4826,52531
11178,3734,51245
14337,4422,50250
16977,4671,50703
22894,4822,52577
25837,4680,50320
28562,3725,50514
28681,4916,52501
30461,4033,52157
31219,4918,50588
36699,4052,51054
46612,4113,51501
51325,4832,51632
53421,4215,50703
78341,3812,50588
95189,4333,50703
95261,4570,51301
113614,4815,51601
479107,3543,51028
1382902,9017,52565
27,3906,52601
53,2534,50322
154,3480,51301
208,4280,52753
224,2132,52175
261,3760,52803
305,4483,52240
334,2645,52761
351,4309,51501
637,2511,52402
686,4094,50015
704,4038,51442
763,4639,50501
808,4399,50263
896,4039,51501
939,3852,52405
1203,2634,50014
1217,4049,51534
1231,4040,51503
1245,4763,52402
1324,4282,52402
1421,4363,50213
1459,4330,50208
1583,3554,50676
1612,4666,50009
1701,4469,50058
1931,4329,50009
2007,4115,50311
2036,4218,50701
2351,4262,51401
2464,4391,50849
2518,4041,52732
2617,4394,51537
2642,4144,50616
2751,4350,50158
2975,3064,50003
3325,4066,50125
4035,4550,50701
4153,3642,52656
4185,4213,52732
4263,3596,52134
4280,4323,50501
4297,2161,52144
4571,4352,50801
4774,4383,50801
6379,4259,52577
6609,4579,52751
8200,4400,52577
8476,4389,52531
8800,4026,51103
10576,4390,51632
10958,3530,51245
11644,3569,50044
12737,3172,50428
14753,4174,52627
15430,4682,50225
29905,4407,50138
36483,4354,51601
37582,3832,51230
44455,2260,50220
140583,4226,52172
142813,4830,50325
143579,4314,50846
