,Store Number,Address
35,4312,2411 S 24TH ST #1
117,5244,708 2nd  AVE  SE
164,4829,1501 Michigan Ave
184,4361,4575 NW 2nd
195,2478,One Prairie Meadows Drive
217,4819,2635 Adventureland Dr
274,3644,3501  8th St SW
332,3870,3414 8th St SW
403,5057,4960 E Broadway Ave
411,2532,2540 E Euclid
471,5318,2839 East University Ave
503,4799,2930 E University Ave
513,2636,2310 Hubbell Ave
549,3696,5101 SE 14th St
569,4622,"3941, SE 14th St"
611,3651,1500 North Jefferson
630,4684,1201 N Jefferson
671,2448,705 E. SECOND
715,5359,8400 NICC Drive
749,2549,910 N Jefferson
830,2527,1107 SE Army Post Rd
970,4617,2501 HUBBELL AVE
1013,5313,2424 SW 9th St # 1
1053,2536,4815 Maple Drive
1084,3816,200 E Oak St
1115,9013,4349 Cumming Ave.
1118,9913,4349 Cumming Ave.
1120,3618,3601 29th Ave SW
1166,2509,1520 6th St SW
1251,4845,"216, 3rd St SE"
1290,5142,"2315, Mt Vernon Rd SE"
1356,2588,4035 Mt Vernon Rd SE
1513,2590,3235 Oakland Road NE
1650,4487,1661 32nd St NE
1674,4636,2904 Center Point Rd NE
1707,3385,2605 Blairs Ferry Rd NE
1745,3628,2645 Blairs Ferry Rd NE
1777,2647,5050 Edgewood Rd
1953,4154,885 Miller Rd
1977,2605,2001 Blairs Ferry Road NE
2069,4624,300 E Blairs Ferry Rd
2144,5097,3717 1st Ave SE
2152,4687,3132 1st Ave NE
2161,4771,"502, E Ave NW"
2199,5214,550 Wilson Ave SW
2211,2622,1125 N Dodge St
2219,2627,3424 Martin Luther King Jr Pkw
2291,4677,2900 Heartland Dr
2447,2285,401 East Market St
2448,4161,2530 Westwinds Dr
2467,5286,"108, College"
2496,5060,"504, E Burlington St"
2519,5014,22 S Van Buren St
2528,3896,1901 Broadway St
2628,5111,2601 Hwy 6 East
2646,4160,2765 Commerce Dr
2675,2513,812  S 1st Ave
2792,4728,2214 Muscatine Ave
2817,2844,2425 Muscatine Ave
2832,2545,310 N 1st St
2918,4697,601 Hollywood Blvd
2930,3980,919 Hwy 1 West
2980,4844,"2580, Naples Ave"
3004,3926,315 S Gilbert St
3083,5224,517 2nd St
3130,4134,105 W Monroe St
3144,3849,711  16th Ave SE
3276,2624,2395 NW Arterial Rd
3439,3944,4400 Asbury Rd
3450,3632,4200 Dodge St
3494,2524,3500 Dodge St
3607,4106,2255 John F Kennedy Rd
3642,4334,2050 John F Kennedy Rd
3660,2413,1691 Asbury Road
3764,3959,1600 University Ave
3789,5258,"535, Hill Street"
3806,3841,157 Locust St
3834,4167,1256 Iowa St
4005,3774,1800 Elm St
4020,4712,345 E 20th St
4029,5042,1101 Rhomberg Ave
4045,3738,2225 Central Ave
4069,4535,4003 Peru Rd
4078,2649,400 Locust St
4233,3495,228 N Main St
4379,4252,433 N Farley St
4407,4137,200 SE Laurel St
4416,4299,9 Waterhouse Ave
4461,2666,2510 SW State St
4463,4136,351 Gateway Dr
4464,9911,501 7th ave SE
4476,4599,3700 Hubbell Ave
4520,3625,1002 SE National Dr
4559,5124,5440 NW  86th St
4621,4131,8450 Meredith Dr
4641,3691,11148 Plum Dr
4696,4449,12041 Douglas Pkwy
4707,4450,4585 156th St
4717,2665,1005 E Hickman Rd
4789,3943,519 Lincolnway
4806,4378,85  4th St
4813,4384,409 Nile Kinnick Dr
4830,4623,700 Debra Dr
4840,5092,7265 Vista Dr
4869,2619,1725  74th St
5140,2200,619 E Main St
5157,4098,2485 Hwy 92
5183,4021,2701 W Burlington Ave
5210,3811,300 North Park Dr
5227,3562,324 West Agency Rd
5272,3790,1045 N Grand Ave
5301,2552,20 Wilson Avenue West
5456,4492,3625 Edgewood Rd SW
5471,3666,3400 Edgewood Rd SW
5492,4956,"4920, Johnson Ave NW"
5529,4788,324 Edgewood Rd NW
5544,3912,225 Edgewood Rd
5595,5176,"455, Edgewood Rd NW"
5717,4443,1204 1st St
5726,4895,5427 Center Point Rd NE
5783,4634,"4201, Center Point Rd NE"
5802,5230,"4107, Center Point Rd NE"
5821,2843,4116 Center Pointe Rd
5849,5254,2933 1st Ave SE
5877,4496,"2824, 1st Ave NE"
5900,4660,"1904, Mt Vernon Rd SE"
5915,4637,3301 J St
5942,4566,30 Four Oaks Dr SW
5957,3822,1205 Curtis Br Rd NE
5976,3663,1334 Flammang Dr
6013,3889,700  29 St SW
6027,3859,302 Enterprise Dr SW
6038,4019,1220 West Main
6054,2113,1119 Market St. Box 71
6079,5141,"1131, Market St"
6091,4998,820 E Main St
6159,5010,106 S 16th St
6183,4118,502 5th Street
6210,4116,223 Main St
6215,5354,129 Center Street
6224,5151,"500, Hwy 175"
6251,5004,200 Susan Lawrence Dr
6267,4097,108  2nd St
6291,3932,311 Main St
6371,5228,"101, W Main St"
6377,5274,101 Main St
6392,3650,118 South Main St.
6450,5140,"114, S  2nd  St"
6506,3989,300 E Main St
6531,4310,205 West Bluff St
6580,2597,1300 N. Second
6623,3749,1831 Lake Ave NW
6649,2576,1250 N Lake St
6709,3635,302 West Walnut St
6779,5067,"1101, N  Lake Ave"
6796,5028,"1100, E 5th St"
6814,4163,731 Seneca St
6821,5326,215 W. Milwaukee Ave
6946,3855,1201 1/2 Lakeshore Dr
6995,3876,1101 MAIN ST PO BOX 535
7025,4324,22 North Main
7061,4831,"320, W Mamie Eisenhower Ave"
7076,2505,1111  8TH ST
7117,4935,1117 E 4th St
7179,4408,315 Story St
7192,4409,1704 S Story St
7216,4023,1515 SE Marshall St
7236,4107,1711 Hawkeye Dr
7277,3769,525 Brandilynn Blvd
7314,2572,6301 University
7388,3868,5491 Business Hwy 151
7580,4902,821 Broadway St
7588,2571,2181 Logan Ave
7624,4900,515 Broadway St
7665,4648,508 Broadway St
7681,5063,"735, Logan Ave"
7715,4077,428 Franklin St
7731,4647,1615 Bishop Ave
7758,5113,1975 Franklin St
7776,4502,"2100, Lafayette St"
7805,5243,"1309, Lafayette St"
7843,4265,1104 Washington St
7861,5043,919 W 5th St
7891,3993,1625 West 4th St
7934,5174,"437, Sullivan Ave"
7974,4512,"2332, Falls Ave"
7980,4642,2844 University Ave
7997,3773,501 7th Ave SE
8187,5236,600 W Main St
8326,3934,103 E Carlisle
8344,3563,3003 North Hwy 61
8378,2633,3221 SE 14th St
8572,2564,4000 University
8779,4511,303 SE 30th St
8790,4068,136  1ST ST
8811,5169,"5120, NE 14th Street"
8823,3909,104 SE  A St
8844,2551,2001 West Court
8913,5059,207 Front St
8935,2669,"103, E Jackson St"
8955,4027,23148 Hwy 5
8972,4271,305 S 18th St
8983,2523,414 N 18th St
9061,3013,207 E Locust St
9091,4046,113 W Vanburen
9118,2559,301 Hwy. 34 West
9157,4011,121 North Clinton
9190,4789,419 Merrill St
9196,4817,"1201, E Main St"
9222,3818,703 W Pleasant St
9298,2566,813 N Lincoln Ste 1
9382,4275,1308 S Lincoln St
9396,5080,719 2nd Ave W
9410,3660,814 W Bell Ave
9422,5050,"1115, Bluestem Dr"
9453,2190,1460 2ND AVE
9556,5309,1443 2nd Ave
9565,3783,14 1/2 E Elm
9624,3626,500  11th St
9647,4234,104 E Eighth St
9660,2565,819 N Grand Ave
10009,3390,1610 Okoboji Avenue
10105,5068,612 S Highway 71
10147,5293,"228, N Hwy 71"
10179,5104,"72, N Okoboji Grove Rd"
10211,2233,2508 Enterprise Ave
10238,3622,2600 Hwy 71
10258,2522,Hwy 9 & 71
10353,4239,1906 Keokuk
10376,4387,300 18th St
10386,4582,"2402, 17th St"
10418,5154,"201, Market St"
10437,4272,1108 Central Ave
10499,2556,2608 E. Central Avenue
10546,4269,610 Cedar St
10619,4783,2406 Main St
10629,3704,1122 Broadway
10731,4254,2008  12th St
10746,4592,"2401, Main"
10785,2445,504 South Highway
10786,2512,1720 Waterfront Dr
11019,4013,1126 Highway 38 North
11031,5329,2293 Hwy 30
11050,5106,622 10th  St
11086,5298,"630, 6th Ave"
11107,3920,1606 Camanche Ave
11172,2616,901 South 4th St
11373,5227,"320, N  4th St"
11409,2806,1307 N Second
11486,4204,1350 11th St NW
11502,4864,1641 S Bluff Blvd
11527,3647,2715 South 25th St
11555,4132,908 7th Ave
11568,2475,206 2nd Ave NE
11577,3732,425 E Leclaire Rd
11623,3845,210 North Hwy
11680,3592,3036 1st Ave South
11730,2562,115 South 29th St
11766,2663,8701 Douglas
11777,5237,"606, N 15th St"
11799,2644,1511 2nd Ave North
11910,4311,1231  1st Ave S
11929,5238,"1923, 5th  Ave  S"
11969,5167,"1724, 5th  Ave S"
12039,4805,902 1st Ave N
12047,4319,710 First Ave N
12071,2606,1011  13th St North
12116,3524,305 Airport Rd
12163,5005,410 W Main St
12186,4542,520 W Main St
12199,4527,105 SE First St
12223,4757,1111 SE Lincoln St
12298,4103,3619 Stange Rd
12314,4940,301 WATER ST
12361,5279,3020 Duff Ave
12371,4428,4510 Mortensen Rd
12399,4437,4506 Lincoln Way
12437,2500,3800 W Lincoln Way
12713,2501,640 Lincolnway
12966,4129,626 Lincoln Way
13144,2609,500 Main St
13170,4438,111 Duff Ave
13187,3866,320 S Duff
13206,4004,534 S Duff Ave
13217,4674,2108 ISAAC NEWTON DR
13299,4105,1505 South B Ave
13345,5000,1800 South B Ave
13354,5135,911 Hwy 69
13371,3952,3780 State St
13373,4453,"1116, Hwy 69 South"
13378,3772,2127 M L KING JR PKWY
13401,4448,4860 NW Urbandale Dr
13406,5250,3804 Hubbell Ave
13460,2625,3301 W Kimberly Rd
13640,3776,3101 West Kimberly Rd
13689,2603,2890 Devils Glen Road
13693,4192,3800 Belmont Rd
14114,5013,3715 State St
14137,5335,1810 State Street
14159,4717,3425 Middle Rd
14167,2840,2002 Spruce Hills Dr
14184,3715,1714 E Kimberly Rd
14244,2614,1823 E Kimberly Rd
14292,4630,2923 Brady St
14352,4640,"3527, Spring St"
14389,4652,"3107, Brady St"
14408,5319,1802 W 7th St
14445,3853,3108 West Central Park Ave #2
14476,2637,2351 W Locust
14509,5257,"405, Madison Ave"
14601,5003,2604 W Locust St
14629,2502,410 North Ankeny Blvd
14725,3723,1023  9th St
14903,4971,"5500, E University Ave"
14940,4433,5970 Morning Star Ct
14975,3949,1650 Washington St
14986,2642,512 E Oskaloosa
15064,3990,309 A Ave West
15176,3735,1202 A Ave East
15216,4300,311  3rd Ave W
15228,4821,901 S Market St
15236,2596,2453 North Court
15310,3726,1940 Venture Dr
15341,2543,1025 North Quincy Ave
15597,4069,1325 Albia Rd
15609,3916,1115 Albia Rd
15651,5300,534 Church St
15755,2611,1140 North Jefferson St
15862,2548,100 8th Street SW
15989,2238,3200 Adventureland Dr
16111,2594,4500 Sergeant Road
16134,5348,806 W Main St.
16301,4202,4267 Sergeant Rd
16320,3879,5775 Sunnybrook Dr
16324,5351,1203 5th St.
16343,4879,4218 MORNINGSIDE AVE
16381,4884,"4523, Morningside Ave"
16402,4565,1925 S Lakeport St
16422,2621,3301 Gordon Dr
16517,3808,300  4th St
16588,3869,412  1st Ave
16666,4452,2825 Gordon Dr
16785,2623,2827 Hamilton Blvd
16967,3820,507 W 19th St
17101,4975,1900 Hamilton Blvd
17126,4588,923 W 7TH ST
17153,4558,1373 Pierce St
17188,2667,2611 Pierce St
17230,4200,4016 Indian Hills Dr
17244,4568,4103 Floyd Blvd
17281,3757,3101 Floyd Blvd
17326,5086,"2501, Floyd Blvd"
17342,3447,4201 S. York St.
17360,3722,3400 Singing Hills Blvd
17394,4201,4040 War Eagle Dr
17414,5027,111 3rd St
17431,4676,711 Gordon Dr
17443,4197,700  1st St
17472,4888,302 1st St
17496,4444,1864 Hwy 141
17520,5264,"309, Center Ave"
17576,3942,104 Highway 30 West
17641,4195,1005 S County Line Rd
17659,4025,702 13th St
17684,4070,708  13th St
17731,5268,"188, Parkridge Rd"
17747,2618,505 Boyson Rd NE
17762,3417,Po Box 261  310 W Dillon
17905,4439,800 Ford Lane
17930,4346,105 Pearl St
17969,5292,"814, C Ave"
17976,4228,501 A Ave
17988,4298,305 Crisman St
18026,5202,"115, 25th  Ave"
18041,4978,3535 Marigold Dr
18049,4557,420 Second St
18067,5323,320 2nd St
18080,5284,"122, Front St."
18104,3873,1441 Coral Ridge Ave
18120,2670,2004 8th  St
18345,5009,1101 2ND ST
18537,4157,615 Westwood Dr   P.o Box 96
18550,3928,465 Hwy 965 Unit G
18557,5105,585 HIGHWAY 965
18700,2508,"1843 Johnson Avenue, N.W."
19015,5222,"1500, 1st  Ave NE"
19046,2568,1556 First Avenue NE
19073,5356,1532 Ellis Blvd NW
19113,3890,904  1st Ave NW
19175,5073,"2601, Williams Blvd SW"
19185,2846,3419 16th Ave SW
19212,4162,4220  16th Ave SW
19232,5190,200 Hwy 151 E
19283,4393,1725 NW 86th St
19302,5339,395 Western Avenue
19344,5150,"901, 3rd  St"
19357,3629,3200 Manawa Dr
19358,5360,1610 Rockingham Rd
19425,3762,7690 Hickman Rd
19468,4773,2704 Vine St
19491,9906,2515 Dean Avenue
19499,4849,"801, University Ave"
19548,5102,724 1st  St  SE
19556,2626,4100 University Ave
19574,2635,4064 E 53rd St
19823,3731,5811 Elmore Ave
19885,3354,3845 Elmore Ave.
19913,2838,1655 W Kimberly Rd
19930,4751,1720 W Kimberly Rd
19939,4694,"3815, West Kimberly Rd"
19953,2567,2200 West Kimberly
20076,4638,4607 N Pine St
20099,3858,6723 NW Blvd Unit 2
20130,5215,"1220, N Cody Rd"
20155,4196,1635 West 53rd St
20179,5029,"211, W 53rd St"
20235,4847,1301 Eagle Ridge Rd
20287,3420,1101  73RD STREET
20309,3645,1001  73rd St
20344,4461,7220 Hickman Rd
20403,4388,11925 University Ave
20443,2854,14201 Hickman Rd
20528,4392,15600 Hickman Rd
20569,4732,15601 Hickman Rd
20578,4733,4600 86th St
20586,4661,"1900, SE 37th St"
20612,4374,1950 Princeton Dr
20632,4209,2150 East 1st St
20673,4375,801 N 1st St
20687,4344,109 East 1st St Ste B
20842,4901,1101 S 5th St
20868,4362,303 W Broadway St
20878,4083,109 SE Oralabor Rd
20913,4609,165 SW Magazine Rd
20926,4397,802 E 1st St
20942,4405,1025 E  1st St
20986,2106,2217 College
21074,2130,617 Sycamore
21178,5155,"1459, Ansborough Ave"
21213,4988,5925 University Ave
21223,4932,3105 Hudson Rd
21312,4959,2128 College St
21385,3995,6027 University Ave Ste 100
21421,4761,3910 University Ave
21429,4958,809 E 18th St
21525,3713,4151  4th St SW
21552,3528,3450  4th St SW
21573,2515,2400 4th St SW
21611,3664,90 10th St S
21771,2652,875  4th St SW
21869,2582,551 S Illinois Ave
21994,5034,18 N Monroe Ave
22025,5251,"1303, North Federal"
22075,4668,20 South 4th St
22092,3456,904 N 8th St
22270,4969,910 N 8th St W
22381,4091,910 Hwy 18 W
22402,5069,101 N Lake St
22408,5334,107 N Mill St
22446,5115,"204, E South St"
22458,4104,400 North Delaware Ave
22469,5280,1920 Federal Ave S
22483,5247,202 4th  ST  N
22521,3525,106 W 2nd St
22579,2517,1501 First Avenue East
22711,4807,"103, W Walnut St"
22730,4787,2722 NE 120th St
22773,4493,5655 C St SW
22938,4500,595 N Kansas Ave
22979,4427,610 N Kansas Ave
23002,5196,100 E  OAKDALE BLVD
23015,4713,2751 Heartland Dr
23033,3670,2801 Commerce Dr
23098,4366,101 Village Dr
23121,5011,2177 M Ave
23141,3888,415 Industrial Ave
23152,2579,320 West Street South
23195,3054,1026 Main
23215,4345,1031 West St
23297,4185,727 West St
23319,5138,"103, Blair St"
23342,4604,"1324, 1st Ave E"
23468,5116,"702, 1st Ave E"
23515,4194,120 N 3rd Ave E
23537,3041,28 E Howard
23583,3514,328  2nd Ave S
23626,9002,303 N Cody Rd
23636,9902,303 N Cody Road
23640,5321,606 13th St
23645,5303,108 Iowa Ave W
23662,3719,2802 S Center St
23687,2544,802 South Center
23948,5248,"114, N  Center  St"
24018,5346,1116 East Nevada St
24088,4756,5 E Anson
24094,5324,120 E. Main St.
24130,5179,"103, N  Main St"
24141,4727,2702 SE Delaware Ave
24159,4810,3603 NE Otterview Circle
24177,4084,3205 North Ankeny Blvd
24194,4404,1825 N Ankeny Blvd
24205,4726,901 N Ankeny Blvd
24432,4601,2110 Guthrie Ave
24450,4598,2221 E Euclid Ave
24474,4795,2545 E Euclid Ave
24477,5125,1320 E  Euclid Ave
24541,4803,104 E Euclid Ave
24555,4140,100 Euclid Ave
24779,4802,4415 Douglas Ave
24790,5162,"6401, Douglas Ave"
24801,3877,5901 Douglas Ave
24935,4941,6990 Douglas Ave
25121,4447,"9915, Douglas Ave"
25132,2587,5750 Merle Hay Road
25356,2648,555 S 51st St
25588,4368,5800 Northglen Dr
25603,4725,2905 W  1st St
25831,2528,3221 SE 14th St
26020,4603,3200 SE 14th St
26057,2561,4605 Fleur Drive
26231,4301,1805 SE 14th St
26259,5129,4121 Fleur Dr
26297,4595,4024 Fleur Dr
26347,4997,"218, 6th Ave #101"
26388,4942,333 E GRAND AVE
26395,2849,3151 SE 14th St
26409,4798,3140 SE 14th St
26438,3678,1918 SE 14th St
26449,4877,1775 NW 86th St
26461,2248,3500 Ingersoll Ave
26521,5127,3425 Ingersoll Ave
26588,4804,3501 Ingersoll Ave
26602,2535,1700 Valley West Dr
26641,4230,10151 University Ave
26654,2630,1010  60th St
26673,4373,141 S Jordan Creek Pkwy
26680,3814,7205 Mills Civic Pkwy
26692,3899,6365 Stagecoach Dr
26944,5347,220 50th St
26965,4927,3501 Ep True Pkwy
26993,2521,1990 Grand Avenue
27165,5146,329 Grand Ave
27177,4718,1660 22nd St
27235,4521,504 16th St N
27264,4190,1207 N Elm St
27325,2671,"106, W Washington St"
27367,5205,201 Idaho St
27387,4158,709 Monterey Dr
27406,4613,402 E 6th St
27419,4688,105 E 6th St
27441,2593,905 US Highway 30 West
27477,4014,510 C Ave
27602,4410,1219 1st St
27620,4001,2014 Kitty Hawk Ave
27651,2595,"1620  4th Ave, South"
27805,3756,316 Main St
27846,5343,403 Main St.
27858,4917,1115 Ia Hwy 141
27874,2612,1215  141 St
27990,4320,1315 Willis Ave
28014,5012,"2810, Willis Ave"
28034,3831,301 Annex Rd
28061,3987,111 S Phillips St
28064,4169,1824 Hubbell Ave
28111,4385,1453 Co Hwy G76
28146,5144,4625 SE Delaware Ave
28201,2628,1616 Edgington
28219,4110,706 Highway 57
28272,2657,1604 Bent
28375,2620,7101 University Ave
28625,4893,105 Grand Ave
28639,4594,901 SW 63rd St
28664,4369,2992 Sunset Dr
28675,4092,1711 Sunset Dr
28700,4260,215 S Main St
28720,2550,510 West Mclane
28772,3997,2400 College Dr
28782,4419,2091 E Main St
28788,2668,1004 W 1st St
28819,3826,777 Casino Dr
28855,4382,1293 8th Ave
28937,4801,3030 University Ave
28952,5098,1621 University Ave
28962,4165,113 SE Delaware Ave Ste 101
28980,4549,702 Us Hwy 65
28986,5337,119 N. Main St
29008,4659,409 E Center
29031,4250,1232 14th St
29074,4455,2359 Edgington Ave
29081,4657,308 N Washington
29087,5206,1400 G  Ave
29127,4495,"504, G Ave"
29147,4396,606 Grundy Ave
29179,4306,1208  4th St NE
29223,4547,309 Central Ave West
29248,4421,609 Central Ave W
29273,2460,721 Central Avenue West
29314,4658,904 Washington Ave
29327,4284,500 Iowa St
29340,2658,402 S Hayes St
29354,3813,104 North Fillmore
29398,2655,1200 S 16TH ST
29424,4249,115 Essie Davison Dr
29467,5210,"900, E  Washington  St"
29514,4246,1007 S Fremont St
29523,2607,520 So Fremont
29601,4937,1310 W Sheridan Ave
29608,4629,309 N Locust St
29637,4708,423 SHARP ST
29668,4010,900 S Locust St
29705,4738,"1030, Veteran Memorial Hwy"
29714,4545,14151 Wabash Ave
29751,4510,701 Main St
29768,2518,1607 North Broadway
29883,4318,811 Broadway
29899,2656,300  10th St
29925,2327,801 Hull St
29975,5110,"200, N Walnut St"
30000,3830,806 Laurel St
30029,2553,600 Sheldon
30066,2672,923 N  1st St
30091,4823,903 N Sumner Ave
30113,4291,105 E Adams St
30162,4531,501 N Douglas St
30169,2228,53 Green St
30222,4848,111 E Jefferson St
30296,4907,2323 Main St
30309,4947,1420 W First St
30451,4147,214 N Magnolia Dr
30463,3819,915 Short St
30469,4631,"2425, Whitetail Dr"
30490,4914,2728 Center St
30507,2835,2302 West First St
30523,4723,2509 Whitetail Dr
30536,5007,1022 Skylar St
30550,5181,"1101, Jefferson St"
30560,5352,600 7th Ave
30581,3717,201 W 1st St
30607,3857,9th St SW B
30637,4762,101 Main St
30727,4818,"303, College Dr"
30728,4183,103 E Main
30773,3721,1798 Old Stage Rd
30806,4289,777  11th Ave SW
30826,2178,618 Rossville Road
30918,5017,417 Main St
30959,5330,124 West Tilden St.
30988,4973,"303, Hwy 150 N"
31043,4466,515 W Water St
31055,5180,"801, E  Charles  St"
31071,4628,137 2nd Ave SE
31089,4156,102  2nd Ave SE
31110,5199,"701, S  Frederick  Ave"
31123,3584,1011 S Frederick M/a Po Bx 572
31163,4395,1111 Ia Highway 175
31183,4651,301 MAIN ST
31208,5297,1803 Superior St
31232,2602,823  2nd St
31262,4709,2719 Grand Ave
31388,5187,125 6th ST
31405,4235,942  2nd St
31420,5296,1102 2nd St
31427,4133,1447  2nd St
31450,4459,1120 S Commercial
31465,4236,205 NW  1st St
31531,4556,319 E Hwy 3
31542,3056,325 Central Ave W
31567,4591,"222, Central Ave"
31579,5287,300 Central Ave W
31585,5302,112 River Ave S
31595,3654,207 E Main St
31611,4247,512 River Ave N
31628,4172,1204 Water St Po Box 177
31649,4355,1554 Broad St
31671,4081,306 Washington
31738,4102,619 Burnett Ave
31785,4675,2801 E 13th St
31807,4767,6981 NE 14th St
31832,5245,"1516, SE  1st St"
31909,5051,630 SW  9TH ST
31934,4478,"3000, SW 9th St"
31969,4597,850 Army Post Rd
32016,5145,1101 Army Post Rd
32056,4186,5901 FLEUR DR
32076,5131,"1401, Buchanan St"
32116,3700,158 South Elm
32163,5322,212 West Wood St.
32190,4743,1801 Valley View Dr
32240,3443,1141 N Broadway
32316,3728,726 Creek Top
32388,4476,15 North 16th St
32399,5182,1749 W Broadway
32424,3963,1925 W Broadway
32490,4740,2508 W Broadway
32504,5327,3540 W Broadway
32508,4317,212 SW Kent
32559,4626,"3632, Avenue G"
32579,4808,"3500, Ave A"
32591,4474,3501 W Broadway St
32615,4608,"510, 23rd Ave"
32652,5314,3134 Manawa Center Dr. # 9
32750,4462,113 1st St NW
32768,4509,2515 Chamberlain
32777,3477,3221 Manawa Centre Dr
32813,4503,102 W Main St
32862,4516,205 Brown St
32947,4463,145 Us Hwy 18 W
32973,4780,"576, N Main Ave"
32983,3682,110 E Main St
33001,4268,1905 Highway 18 E
33058,2585,1516 Highway 169 North
33174,3842,107 N Portland St Po Bx 222
33224,4650,"202, W 4th Ave"
33259,4073,306 Hwy 69 South
33358,3881,120 E Main St
33408,5126,4343 Merle Hay Rd
33547,2539,Highway 65 South
33675,2651,1311 4 Street SW
33866,4146,220 W Bremer Ave
33906,4538,402 North Main St
33913,4999,213 S Main St
33923,4700,"306, N Main"
33936,3676,107 E Traer
33997,4203,620 W Bremer Ave
34036,4924,2757 Charles City Rd
34072,3688,100 W Main St
34087,4285,102 S Water Ave
34157,4143,603  E HWY 24
34287,4233,112 S Elm St
34328,4769,100 Grant St
34347,4559,633 CHASE ST
34440,3542,244 W 4TH ST
34468,4986,68 Monroe St
34485,5134,"609, S Main St"
34497,5121,"1908, Clark St"
34536,4321,210  11th St
34572,2578,901 Kelly St
34697,4524,14 E Congress
34727,3045,8 2nd St NW
34759,4600,4200 E Hubbell Ave
34823,4273,2800 E University Ave
34928,4057,1434 Des Moines St Ste 5
34929,3825,1372 E 14th St
34974,4062,145 University Ave
35055,5128,1819 Beaver Ave
35109,2852,2303 Merle Hay Rd
35161,3612,509 E Platt
35186,3778,4538 Lower Beaver Rd
35289,2850,215 E Euclid Ave
35302,5338,5050 NW 2nd Ave
35597,3886,101  115 St
35621,5333,402 E Main
35741,3829,715  1st Ave S
35816,4856,930 Commercial St
35876,4562,206 Short St
35889,4953,302 Hwy 136
35930,4051,110 Westgate Dr
36159,3488,400 S Second
36177,4540,1104 N Riverview St
36188,4690,5358 Hwy 64
36202,4543,1100 Eagle View Dr
36216,4180,480 7th Ave
36308,4876,"655, Robbins Rd"
36326,3707,1030 Blairs Ferry Rd NE
36398,2569,279 Collins Road NE
36548,4605,1203 Blairs Ferry Rd
36586,4736,1225 7th Ave
36623,2514,2790 7th Avenue
36682,2847,"3499, 7th Ave"
36702,4401,3215 7th Ave
36735,4155,3300 10th Ave
36780,2560,3600 Business Hwy 151 East
36996,5039,1200 S Market St
37004,4126,123 E Main St
37115,3494,210 East Tower Park Dr
37183,2538,1422 Flammang Dr
37227,4166,1314  7th St
37425,5364,3594 Lafayette Road
37455,2575,2834 Ansborough Ave
37497,2643,2126 Kimball Ave
37686,4760,111 W Ridgeway Ave
37713,4150,40  W San Marnan
37751,3690,1501 E San Marnan
37788,3740,1010 E Mitchell Ave
37840,4910,1008 Laporte Rd
37886,2837,1825 E San Marnan
37907,4223,1119 River Forest Rd
38002,4153,215 S Evans Rd
38030,5031,101 Commercial St
38090,5001,709 First St W
38174,3784,200  1st St East
38251,4148,1400 3rd Ave SE
38252,5175,"502, 3rd  St"
38336,5271,"135, Madison Street"
38369,4189,109 East Marion St
38376,5054,900 E Main St
38486,5171,"110, E Jefferson St"
38538,3744,733 16th Ave SE
38562,4182,1207  12th Ave SE
38591,4585,"306, 1st St SW"
38604,5148,"882, Main St"
38626,4607,"1131, S Hwy 52"
38636,3782,619 S Hwy 52
38681,4869,7 Goethe Street  Suite B
38710,3679,103 Franklin St
38782,4972,808 S Main St
38808,4908,107 1st St SW
38862,4130,20611 Hwy 1 N
38881,3803,128 W Mission
38882,4855,"308, W Mission"
38903,3957,101 West Madison
38922,4943,"205, 4th St"
38938,4296,111 Main St
38991,2555,3111 Main
39129,4993,"1301, Main St"
39160,2191,1013 Main
39313,4673,327 5th St
39356,4793,5002 Avenue O
39384,3549,1414 48th St
39457,2584,2606 Avenue L
39546,4619,1737 Ave H
39643,4258,920 Lawrence Dr
39673,4898,"130, S Roosevelt Ave"
39690,4721,3245 Agency St
39707,5204,1812 Osborn St
39726,4722,201 S Central Ave
39732,4424,1012 Maple St
39771,4752,1003 Summer St
39805,5149,"1900, Summer St"
39842,2507,939 Angular
39884,4897,1703 Mt Pleasant St
39944,2506,3140 Agency
40263,4794,110 S Roosevelt Hwy 61
40292,5071,408 6th Ave
40309,4698,201 W Burlington Ave
40326,4522,201 Ralph St
40391,2601,1300 West Burlington Ave
41067,5040,1300 Nicolaus St
41186,3838,858 Middle Rd
41327,5108,1032 State St
41354,5249,"1205/1207, Locust St."
41437,4644,"1136, E Locust St"
41445,5100,648 N  Marquette St
41470,4962,1312 Harrison St
41504,3917,1606 W Locust St
41598,4749,1660 W Locust St
41614,3805,1601 Washington St
41693,5226,214 MYRTLE ST
41741,4892,1026 W River Dr
41821,4949,"828, W River Dr"
41836,5320,234 West 3rd
41896,2554,3019 Rockingham Road
41915,4303,111 N Wapello
41947,3918,3120 Rockingham Rd
42019,4967,"102, W Mayne St"
42098,2629,1745 Madison Ave
42378,2641,757 W BROADWAY
42488,2613,2323 W Broadway
42653,5315,110 South Main Street
42693,5316,118 South Main Street
42736,4279,217 E Broadway
42754,4580,304 W. Madison
42924,2653,1004 W Madison St
43082,5163,"309, W  Washington St"
43089,5072,"901, E Washington St"
43115,2558,1700 E Washington
43274,4790,"109, Wapello St"
43377,4125,503 Hwy 61 South
43422,4413,303 Us Hwy 61 N
43435,3710,219 Main St
43440,3403,103 Walnut St. E
43522,5090,709 Grandview Ave
43536,5299,"200, Green Street"
43545,5091,501 Cedar St
43631,2662,"522 Mulberry, Suite A"
43855,4467,1429 PARK AVE
43897,4984,2111 Park Ave
43986,2573,2400 2nd Ave
44175,5260,"2881, Highway 61"
44194,3907,1504 Park Ave
44259,4184,2100 Cedar Plaza Dr
44309,5261,"2307, Lucas Street"
44344,4806,"1006, N Columbus St"
44366,3910,3184 Highway 22
44380,4402,1178 Enterprise Dr
44395,4067,268 8th Ave
44437,5252,"119, Main St"
44449,3712,109 N 4th St
44495,3065,201 S Front St
44516,4878,"215, S Rerick Ave"
44538,4193,361  3rd St NW
44563,3576,10  3rd St NW
44628,4485,101 W 7th St
44664,4248,2603 Park St
44679,2661,1989 Park St
44784,3621,615  2nd Ave
44901,4589,1026 2nd Ave
44944,4891,109 5th St
45004,4336,120 N Main St
45037,4434,209 S Union St
45067,3705,507 1st Ave #100
45150,4337,1415 Grand Falls Blvd
45181,4006,913 Brown St Po Box 326
45187,4904,832 Broadway St
45229,4820,712 S Oak St
45263,5153,2403 Us Hwy 18
45293,5263,"950, West View Dr"
45330,4909,1004 Main St
45342,4563,315 Main St
45359,3763,911 Central Ave
45392,4525,600 Highway 12 South
45424,4255,512  8th SE
45470,5133,"102, Albany Ave NE"
45516,4256,115  1st Ave NW
45539,3981,255 16th St SW
45586,2660,1951 S Main Ave
45647,3742,1111 Holton Dr
45688,2604,1201 12th Ave SW
45756,4277,769 Prospect St SW
45793,4231,115 Plymouth St NE
45824,3695,623 S Marion St
45865,3484,110 W Cedar St
45887,5311,132 N. Main
45921,4569,202 West Southern St
45943,4532,720 Hwy 71
45955,3964,621 Hwy 71
45999,5266,"5101, 230th Street"
46004,3461,611 S Division St
46026,4654,629 S Division St
46046,4416,501 Antuque Country Dr
46065,4417,109 S 5th St
46076,4267,735 Main St
46129,3833,1905 East 7th St
46159,2591,1602 E. 7th St.
46326,5081,701 Poplar St
46347,4313,301 Poplar St
46364,5208,"110, Locust St"
46368,4114,704 W 7th St Po Box 372
46418,5082,911 SW 7th St
46426,5194,"406, East St"
46455,5177,33280 335th St
46464,5195,"1928, Sherwood Dr"
46483,4159,310 Mckenzie Ave
46718,4475,2713 S 24th St
46780,3521,2200 River Road
46808,4867,430 S 35th St
46825,5342,1650 E Locust St
46855,4633,1202 East Locust St
46890,5077,1800 N 16th St
46924,3611,403 E 6th
46929,5044,"111, Mormon Bridge Rd"
46944,4152,407 W HURON
47068,5089,"614, E Erie St"
47098,5087,"107, W  7th St"
47127,4000,5th And Lincoln Way
47236,5362,117 Iowa Ave
47237,2650,1808 23rd St
47271,4995,618 Durant St
47284,4229,1910  23rd St
47424,5173,104 Market St
47442,4473,"113, NE 3rd St"
47633,5094,"201, 8th Ave SE"
47640,4950,1420 Mt Vernon Rd
47733,2841,2711 Mt Vernon Rd
47744,4491,3349 Mt Vernon Rd SE
48569,4517,3434 1st Ave NE
48578,4744,2821 1st Ave SE
48623,4377,4801 NE 14th St
48912,4596,2945 E University
48953,4141,3000 SE 22nd St
49037,4641,5830 SE 14th St
49073,4800,6200 SE 14th St
49224,4138,1309 W 2nd
49491,4836,25 W Burlington St
49501,4457,731 S Riverside Dr
49517,4456,955 Morman Trek Blvd
49543,3565,701 Mormon Trek Blvd
49684,4989,1904 Broadway St
50029,5219,"300, Kirkwood Ave"
50118,4837,323 E Burlington St
50220,4504,311 North Jefferson
50248,5118,"185, Peosta St"
50594,2465,2727 Dodge St
50713,4765,2335 University Ave
51110,5306,"2175, Central Avenue"
51299,4171,105 SE Nixon St
51537,5239,4649 Hwy 13
51754,5211,5225 NW  86th  St
51798,4853,6130 NW 86th St
52239,4678,804 Nile Kinnick Dr
52298,4359,350 SE University Ave
52387,4411,1203 Guthrie St
52417,4872,975 N Chestnut Ave
52427,4868,400 Prairie Bluff Dr
52472,4446,4600 Merle Hay Rd
52548,4458,5169 Merle Hay Rd
52993,4923,"100, Pearl St"
53260,4905,"319, Court St"
53371,4930,1303 SE MARSHALL ST
53618,5023,250 16th Ave SW
53646,5024,2330 Wiley Blvd SW
53654,2529,4825 Johnson Ave NW
53764,4176,235 Edgewood Rd NE
54079,4490,380 33rd Ave SW
54434,4720,"107, East Grace"
54899,4840,1761 Independence Ave
55169,5101,315 Fletcher Ave
55485,4472,1023 South Main
55857,4380,620 S Downey St
56227,4480,1530 North 2nd St
56486,4412,2050 Ia Highway 38
56505,4170,115 E Main St  Po Box 359
56658,4508,805 Grand Ave S
56663,3677,1290 Hwy 18
57345,4774,"1615, Central Ave"
57346,4251,4518 Mortenson Rd Ste 109
57369,4899,"124, W Robins St"
57616,5267,"2320, 15th Street"
57792,4702,2503 5th Ave S
57802,2851,2029 5th Ave South
57942,4514,1230 3rd Ave NW
58085,5048,"412, Garfield St"
58099,4326,829 Shakespeare Ave
58118,4701,310 Story St
58142,4896,"403, Chestnut St"
58400,3973,126A Welch Ave
58630,4436,203 Welch Ave
58818,2853,2420 Lincoln Way
58827,4960,2401 A Chamberlain St
59332,4356,136 Lincoln Hwy
59417,4575,200 6th Ave
59743,4191,2010 Washington St
59843,3789,2203 A Avenue West
60026,2600,110  S  D  St
60074,5301,2508 Court St N
60138,4735,327 W 4th St
60475,4293,121 Walnut
60486,4655,1002 W 2nd St
60618,4135,620 SE 8th St
60638,4919,101 8th St SW
61579,4841,2920 W Locust St
61586,4952,4307 W Locust St
62138,5065,2520 Gordon Dr
62579,5045,800 Hamilton Blvd
62880,4703,100 Pierce St
63091,4705,102 Second St
63336,5096,625 Pacha Parkway
63366,5225,"620, Meade Dr"
63743,5207,"812, Sixth  St SW"
63759,4852,2604 16th Ave
63859,4745,3325 16th Ave SW
63911,4921,5340 16th Ave SW
63935,4861,3645 Stone Creek Circle SW
64045,5147,1001 3rd  St
64157,5317,113 Hwy 30 West
64331,5269,"105, Main St"
64369,5253,"4200, Lewis Access Rd"
64389,4551,201 Sunset St
64525,4980,7305 Laporte Rd
64537,4981,206 N Main St
64554,4770,"354, E Eldora Rd"
64843,4731,12753 University Ave
64955,5058,11989 Hickman Rd
65013,5332,951 SE Gateway Dr.
65213,4873,"1802, Sycamore St"
65451,3540,5225 Elmore Ave
65538,4748,4011 E 53rd St
65953,4911,500 Hwy 67 N
66006,5156,"210, Jones St"
66497,4353,2905 Fourth Ave
66803,5283,1303 4th St SW
67345,5282,1224 Federal Ave N
67354,5212,"719, N Federal Ave"
67438,4553,702 E Gilman St
67597,3624,300 Iowa Speedway Dr
67931,4364,715 Lang Creek Ave
68075,4365,1002 West St
68290,5290,405 1st Ave E
68340,4429,1200 N Walnut St
68891,4734,7000 Douglas Ave
69220,5307,"6005, Merle Hay Road"
69251,4406,1910 SW White Birch Circle
69508,5117,"613, N 3rd Ave"
69527,4205,102 West Anson St
69551,2592,1712 S Center  St
69674,4665,2601 SE Creekview Dr
70469,4696,1451 22nd St
70481,4519,1850 22nd St
70577,5255,4100 University Ave
70586,4379,5969 Ashworth Rd
70704,4518,6630 Mills Civic Parkway
70712,3806,5405 Mills Civic Pkwy
70746,5340,5901 Mills Civic Pkwy #2000
70755,4371,745 S 51st St
70962,4719,4900 Mills Civic Pkwy
71108,4715,1999 Grand Ave
71201,4539,900 Locust St
71474,5079,1608 4th Ave S
71489,4149,609 Arrowhead Dr
71568,5203,"516, Highway 141"
71695,4577,"906, S Main St"
71924,4621,"100, Main St"
71961,3606,804 G Ave
72037,3591,526 MAIN ST
72152,5055,"110, S  Akir  St"
72158,4024,840 S Oak
72174,5325,210 E. Maple St
72738,4370,530 North Ave
72755,5229,"500, North Ave"
72772,4882,209 E Main St
72957,5358,101 E IA Hwy 92
73113,4266,705 S Fremont
73169,5223,721 Main St
73189,3880,3804 Metro Dr
73207,4042,23226 Centre Dr
73637,4253,719 W Hwy 92
73859,3930,106 W Mains St Po Box 142
74240,4034,123 N Lawler St
74401,3648,102  4th St North Box 434
74584,4515,2721 Dows Williams Rd
74614,5289,527 Park Ave
74768,4414,29356 298th St
74788,5158,"1839, Madison Ave"
74827,4440,154 Bennett Ave
74840,4477,1759 Madison Ave
74920,4741,535 E Broadway
75018,4435,2024 5th Ave
75185,4866,429 Veterans Memorial
75361,5052,"302, SE 6th St"
75535,3698,1300  50th St
75859,5119,205 NW Elm St
76022,5310,107 Hwy 18 W
76117,4529,101 1st St NE
76207,5246,1132 HWY  69 SOUTH
76566,4584,611 Main St
76618,4754,320 W Bremer Ave
76875,4945,"508, Main St"
77963,5020,"1118, Highway 30"
77990,4541,502 Market
78222,5019,"802, S Riverview"
78239,4934,"605, 6th St S"
78295,4679,5750 C Ave NE
78936,5295,117 San Marnan Dr E
79377,3587,2122 Main St
79973,5062,"111, Main St"
80191,4859,421 N Main St
81677,5070,101 E 4th St
82060,2839,1777 Division St
82230,5198,826 E River Dr
82311,3882,2805 Telegraph Rd
83249,4746,1703 Park Ave
83634,4970,"200, E 3rd St"
83757,5041,106 N Front St
83839,5075,"202, S Main St"
84331,5112,"315, S Main St"
84793,4777,315 E Grand Ave
84897,4880,912 Main St
85031,3465,601 E Main
85122,4418,1709 Antique City Dr
85606,5164,"3434, Nebraska Ave"
85803,5114,"106, E  Erie St"
85929,4560,"1006, Chatburn Ave"
86033,2459,200 State Po Box 98
86847,4482,2001 W 2nd Ave
88979,4663,236 Peosta St
89179,4711,2260 John F Kennedy Rd
89641,4685,2360 Central
90389,5341,235 Edgewood Rd NW
90928,5157,208 Main St
91012,4838,"102, W Veterans Dr"
91181,4664,1127 Story
91223,5159,"730, High St"
91842,5193,"404, Locust St"
92392,5270,4901 86th St
92547,4890,4400 128th St
92710,4669,"833, 42nd St"
92853,4929,816 Greene St
92910,4887,5308 University Ave
93797,4759,1850 Logan Ave
93818,2836,205 Franklin St
93921,5294,1976 Franklin St
94301,4948,102 W Hwy 30
94830,4645,"1, Grove Rd"
94875,4912,"840, E Le Claire Rd"
95422,4507,411 W 18th
95590,3891,777 Main St
95648,5021,1001 Sanborn Ave
96005,4854,"307, S 4th Ave"
96026,4274,1701 Railroad St
96238,5281,115 22nd St N
96377,5288,1601 5th Ave
96571,4775,"502, Main"
96829,5221,"214, W Jefferson St"
96864,5217,500 W Main St
97019,4232,23828 Hwy J18
97282,5109,1020 Gateway Dr
98311,4695,101 8th St SE
99609,4520,902 N Hwy 69
99828,5262,3232 Utica Ridge Rd.
101566,5344,3731 Hamilton Blvd.
101737,5076,4200 S York St
101772,5083,"1203, Tri View Ave"
101807,5188,1005 Gordon Dr
102148,5328,122 Main St
103204,5025,1581 1st Ave SE
103333,4635,1001 1st Ave SW
103445,5172,2000 Willey Blvd SW
105905,4351,2325 7th Ave North N
106767,4506,403 Stephens St
107101,4724,1204 1st Ave East
107191,5275,1200 W 18th St S
107883,4505,6417 Northglen Dr
108262,5170,911 3rd  Ave SW
108272,4338,1659d Marshalltown Blvd
108304,3656,2135 SE Delaware Ave
108309,5099,3505 N  Ankeny Blvd
109294,3871,1800  35th St
110732,4415,420 Sherman St
111370,4544,114 N Main St
111422,4782,406 E Main St
111783,4573,1211 Washington St
111854,4602,58231 190th St
112337,4786,1021 N 1st St
112382,4590,"601, Main St"
113041,4938,201 S Main St
113659,4739,301 W Bennett Ave
114771,4797,1330 E University Ave
115275,5367,215 W Main St.
115503,3393,111 W Main St.
115625,4533,110 N Hwy 218
117238,5350,680 Lindale Dr.
117529,4991,24687 Hwy 13 N
118223,4498,644 220th St
118508,4578,201 S 4th St
118655,4692,1215 Main St
118764,5213,"2506, 280th  St"
118828,4689,2639 Avenue L
118961,4857,1108 W Agency Rd
119367,4858,4305 W Mt Pleasant
119390,4983,"14562, Washington Rd"
119678,4699,830 Middle Rd
119836,4747,1805 Brady St
120351,4552,222 W Front St
120479,5336,4804 S Highway 61
120742,5259,924 Locust St
124025,4523,312 W Washington St
126130,4343,4028 NE 14th St
126981,4710,55 John F Kennedy Rd
127599,3872,3500 Dodge St
127763,5241,"1450, Loras Blvd"
128137,5006,1210 E 16th St
128277,4536,2699 Rockdale
128312,5183,717 1st  Ave
129532,4730,6200 Merle Hay Rd
130051,4489,641 Edgewood Rd NW
130245,5061,"560, 33rd Ave SW"
130377,5304,"210, Hwy 20"
130497,5120,"401, S  4th  St"
130683,4982,101 E  Hwy 7
130935,4210,812 Flindt Dr
130957,4737,800 Lake Ave
132306,5216,"6301, SE 116th St"
132771,5233,1006 W Pleasant St
133218,4706,1905 N  2nd St
133396,5355,26701 Scott Park Rd.
133607,5278,"1001, Grand Ave"
134666,3901,2910  1 Ave S
137037,5353,977 198th Pl.
137438,5273,414 Clark Street
140411,4454,2026 Riverside Blvd
140697,4968,"106, W 2nd St"
141914,5064,"65, Williams Blvd"
143523,4119,214 VIKING PLAZA DR
144046,4513,1100 S 3rd St
144115,2848,104 E First St
146338,4828,916 E Main St
146362,4528,111 N 3rd Ave
149356,4546,705 Idaho St
150130,9001,1441 Marak Rd NW
150139,9901,1441 Marak Rd NW
150569,4944,"290, Hwy 28"
150598,4825,100 W McLANE ST
150737,3582,107 1st St E
150988,5308,4 4th Street SE
151439,4643,"2405, N Broadway St"
152519,5186,"102, E  Bradford St"
153128,4656,17005 Hwy 69
153196,4015,3015 Grand Ave
153335,4785,1019 N Chestnut St
154868,4571,"100, Cherry St"
155284,5366,1908 Clark St
159253,4501,1601 W Burlington Ave
160663,4315,301 North Marion Ave
161006,4468,802 Cypress St
161512,4627,807 1st St
162711,4753,110 S 5th St
163375,5078,2301 S 24th St
163476,5291,"109, Locust St"
168988,4792,1100 Greene St
170133,3652,604 W 2nd
170628,4610,101 Hwy 7
172043,5218,"2130, Court Ave"
172288,4811,1807 Hwy 5 S
172630,4325,509 S 3rd Ave
173115,4707,806 S  4th St
174894,5285,"411, 13th Street"
177802,5349,990 Robins Square Dr.
177817,5200,"3445, County Home Rd"
177848,4548,401 Grant St
178404,4915,"3902, State St"
179097,4791,4650 Morningside Ave
180670,5197,822 1st  Ave
181319,5305,"3330, 16th Avenue"
182331,5107,7229 University Ave
182916,9010,6175 50th Ave
188121,4653,508 N Elm
190371,5276,616 Halland Ave
190580,4824,301 W Taylor St
192230,2845,545 W Washington St
192954,4796,4555 Fleur Dr
193539,5365,402 N Main St
194873,5369,802 S Riverview St
195428,4885,"18820, Bellevue Cascade Rd"
197240,4555,201 Madison Ave
197401,5046,"707, Palean St"
200178,4843,"2418, Stewart Rd"
202229,5232,400 Market St
202993,5088,107 IA HWY 60
203011,4985,101 First St
204292,4714,1000 N Jefferson St
205098,5242,2303 Muscatine Ave
206794,5234,"1072, Cedar Cross Rd"
210017,5312,103 Hwy 31
210389,4781,"2245, Us Hwy 71"
212098,5265,12633 Resort Drive
212504,5240,"615, S  Downey St"
218830,4750,1525 E Kimberly
219151,5185,205 2nd St
225173,4530,1495 State St
229808,9023,"314, Prairie View Dr."
230286,4537,401 NW Church St
230877,2673,420 Court Ave
231412,4779,"300, W South St"
237000,9912,3100 SE Grimes Blvd. Suite 100
237546,5370,300 East St
242257,5372,10 3rd Street NW Ste B
242478,5331,301 E Michigan Ave
244239,5191,"100, N  5th St"
249349,5235,3105 Grand Prairie Pkwy
259108,5371,3715 State St.
260373,4554,1821 Hamilton Blvd
260848,4846,"706, 10th St"
278117,4933,2107 Agency St
278209,5361,624 Angular St.
283187,5161,"2200, River Road, Gift Shop"
287137,5201,"3340, Jfk  Rd"
287854,5209,"3201, Central Ave"
287875,4996,1215 E 16th St
295057,4716,800 Grand Ave
303106,4755,1251 4th St SW
313230,4497,"1008, Grand"
318873,4992,305 Us 34 Business
323600,5056,"1305, N 25th St"
328141,4766,2150 Twin Valley Dr
343948,9919,"7500, University Ave"
354559,5035,19900 Virginia Hills Rd
359378,5373,7 Goethe Street Ste. B
365649,5357,632 8th St. SE
374796,5377,627 High St.
377882,4499,510 Okoboji Ave
385034,5277,"2715, Iowa Ave"
391455,5363,2070 NW 100th St
398325,5375,1907 Army Post Rd
402692,5368,816 1st St. West
407938,5376,1001 Ave E
422878,9925,3701 Beaver Ave
425786,9927,209 East 3rd St
431506,5388,811 Hwy 105
431586,5383,101 8th St. N
435451,5385,2704 Vine St.
436069,5384,1308 1st Street
439105,5394,1807 Old Stage Rd.
439543,5387,700 Superior Street
439765,5386,200 S Commercial Ave
441608,5393,309 Main St.
451913,5392,1455 Grant Street South
468637,5380,2324 Transit Plaza
473479,5391,202 Hwy 18
478471,5378,201 S Main St.
487033,5272,"1021, 2nd Avenue"
494448,5396,301 E Trailridge Ave
505617,9928,1077 Rockford Rd Bay #1
509888,5390,800 Hamilton Blvd.
536372,5405,2600 Holiday Rd
537257,5402,425 S Gilbert Street
554715,5404,220 N Augusta Ave
573762,5403,1026 W River Drive
608575,5410,318 E North St.
616011,5381,901 S Main St.
628333,5409,1995 SE University
634182,5401,716 S 4th St.
644550,5399,505 Hwy 65 S
647425,5416,114 N Center St.
649926,5411,2810 Wills Ave
664728,5413,712 S Oak St
675269,4464,5b  Lincoln Ave
685202,9910,6175 50th Ave
713173,5423,615 2nd Ave
731175,5398,1203 N Walnut
738036,5425,109 E 1st St. # B
741063,5389,601 2nd Ave. S.W.
751349,5421,618 Durant Street
752941,5382,1419 1st Ave N
755277,5427,1691 Asbury Rd
758423,5256,1304 Main St W
760119,5415,1309 Lafayette St
766944,5374,1021 East Main Street
781664,5424,19203 Bunge Ave
782464,5426,2728 Center St.
810637,5429,501 Front St.
820967,5430,1345 2nd Street South
825886,5400,703 South Rye Ave Ste A
828254,5422,100 S. Front St.
849783,5431,346 Plymouth St SW
851145,5420,130 41st Ave. Dr. SW
852012,4778,825 Fundt Dr
887485,5428,888 Vernon Valley Drive SE
888081,5418,5555 Edgewood Rd NE
888380,5406,2798 Commerce Dr.
892605,5417,9001 6th Street SW
902058,5412,1207 State Street
909167,5397,617 42nd Ave
909586,5407,602 S Highland
911634,5408,1402 S 12th Ave
955601,5395,1905 SE 37th Street
963905,9031,1833 Elmwood Rd
974637,5434,101 E Mt. Pleasant Street
979974,5432,114 Brick Street
990439,5437,228 N Main St.
996571,9931,1833 Elmwood Rd.
1001304,5436,90 W. Kimberly Rd Ste 55-56
1050010,9022,"318, E 2nd St."
1050013,9922,318 E 2nd St.
1066952,5439,201 E. Washington St.
1071020,5440,502 West Erie St.
1117913,5435,"10 3rd St. NW, Ste B"
1118455,5446,1004 Main St.
1120506,5443,2839 East University Ave.
1123472,5445,1410 Willow Creek Dr.
1127472,5441,300 East Main
1191149,5444,11 N 3rd Ave
1289436,5449,200 1st Ave NE Ste 124
1341014,5453,900 Main St.
1408933,5433,2109 S Shore Dr
1420968,2674,720 East Main
1424553,5448,1820 Avenue H
1428844,5458,213 Main St.
1459154,5447,101 Comerical Street
1462005,5456,801 E Charles St
1462081,5455,701 S Frederick Ave
1493695,5465,4506 Lincoln Way
1502950,5462,502 E Ave NW
1510191,5466,2424 SW 9th St #1
1512977,5454,523 Central Ave E
1522726,5464,1101 Main Street
1527729,5450,2007 N 15th Street
1572348,5461,319 Court Street
1576838,5457,405 Broad St
1597031,5379,102 North Main Street
1604326,5470,1510 A Isett Ave
1606020,5451,1401 Park St
1638267,5463,116 W Water St Ste D
1641692,5471,1030 8th St
1654301,5460,2411 2nd St Ste 4
1658942,5474,919 W 5th St
1684645,5473,2500 7th Ave
1691340,5480,704 8th St SE
1725974,5459,204 6th St
1726803,5452,401 College Dr.
1727166,5477,103 1st St
1734188,5482,234 W 3rd St
1778142,5472,1119 River Forest Rd
1790797,5481,1545 1st Ave SE
1793249,5487,1761 Independence Ave
1796852,5476,209 E LeClaire Rd
1807891,5475,2125 College St #D
1815681,5491,526 Main St
1824409,5478,1911 Des Moines Ave
1852557,5490,202 4th St North
1858274,5493,200 E Oak St
1860970,5485,306 Washington
1869852,5489,201 N Locust
1880621,5492,319 Court St
31,4308,517  2ND ST STE 2
41,5166,1116 E NEVADA ST
43,4297,2933  1ST AVE SE
57,2290,215 WEST MILWAUKEE
106,5165,"107, N  MILL ST"
206,4576,228 N HWY 71
222,3908,11802 AVENUE H
238,3950,120 E MAIN ST
241,3986,1203 5 ST
259,4974,"727, SE  14TH ST"
260,4481,425 GILBERT ST
263,5123,15500 W  HICKMAN RD
264,4874,"201, E WASHINGTON ST"
272,4016,119 N MAIN ST PO BOX 296
288,4827,108 E COLLEGE ST
382,4222,3594 LAFAYETTE ST
390,3162,807 GRANDVIEW
406,4360,405 1ST AVE E
475,4173,132 NORTH MAIN ST PO BOX 306
478,4358,300 CENTRAL AVE W
485,3766,419 W MILWAUKEE
565,4670,"600, 7TH AVE SW"
570,4376,1920 S FEDERAL AVE
607,4471,117 E SAN MARNAN DR
631,2353,708 2ND AVE SE
697,3573,405 S MADISON
746,3747,110 SOUTH MAIN
747,4283,680 LINDALE DR
780,4177,806 W MAIN ST
901,5160,2508 N COURT ST
907,3894,1404  1ST AVE NE
913,3785,2424 SW 9TH ST
922,2152,202 4TH NORTH
929,3968,105 W SHERMAN PO BX 1023
962,4764,1923 5TH AVE S
1008,4862,101 MAIN ST
1070,4615,1303 NORTH FEDERAL AVE
1380,4214,1309 LAFAYETTE ST
1400,4612,"214, MYRTLE ST"
1416,5018,1610 ROCKINGHAM RD
1468,3947,122 A EAST FRONT ST
1593,4839,87 8th ST N
1763,5037,111 E HARRISON ST
1787,5130,"332, E  2ND ST"
2313,5132,"1516, SE  1ST  ST"
2349,4164,1810 STATE ST
2443,5074,3338 CENTER POINT RD NE
2458,4307,117 IOWA AVE
2949,4426,114 CENTRAL ST N Suite 1
4172,4018,310 SECOND ST PO BOX 249
4268,4883,"118, S MAIN ST"
4611,3400,2839 E. UNIVERSITY
4880,4008,116 E MAIN ST
4996,4090,135 MADISON ST
5081,3972,210 MAPLE ST BOX 295
5170,4295,3804 HUBBELL
5175,2498,910 MAIN ST
5244,5103,"4804, HWY  61 SOUTH"
5589,4357,527 PARK AVE
5631,4662,"1532, ELLIS BLVD NW"
5770,3779,2324 N 15TH ST
5910,4987,419 LINCOLN WAY
6037,4667,101 E IA HIGHWAY 92
6081,4561,3539 LAFAYETTE RD
6332,4686,630 N 3rd ST
6716,4813,"2293, HWY 30"
7418,4926,4923 MERLE HAY RD
7684,5137,"4685, NW  2ND ST"
8105,4979,1500 1st AVE NE
8971,4620,304 4th ST
9178,4451,1803 SUPERIOR ST
9210,4367,1224 N FEDERAL AVE
9233,4768,8228 DOUGLAS AVE
9442,4430,1601 FIFTH AVENUE S
9686,4420,534 CHURCH ST
9770,4925,8600 MEREDITH DR
9899,4431,115 N 22ND ST
10036,5022,196 S 50TH ST
11165,4704,1531 2nd AVE
12464,4445,1102 2ND ST
12912,5152,"4335, TEXAS ST"
13421,4398,112 RIVER AVE S
13453,4372,1303 4TH ST SW
13489,4957,129 CENTER ST
13557,4470,1976 FRANKLIN ST
13677,4742,"1817, W BROADWAY"
14545,5192,"990, ROBINS SQUARE DR"
15623,4112,618 MEADE DR
21131,5095,1001 LOCUST ST
26471,5047,"180, COLLINS RD NE"
31823,3655,2763 FLOYD BLVD
33970,5066,"14628, MILE HILL LANE"
36079,5189,"5901, MILLS CIVIC PKWY"
159264,4961,1200 CEDAR CROSS RD
349396,5220,"2771, 4th ST SW"
409406,5178,"320, N CALHOUN ST"
808277,4903,12633 Resort Dr
1859715,9929,"3576, Dolphin Dr"
1925501,9018,"245, Railroad Ave"
2183787,9930,"213 S 3rd St.
PO Box 106"
1,2205,900 E WASHINGTON
20,5093,1220 N CODY RD
69,4881,516 HWY 141
137,4860,812 6TH ST SW
232,2954,3425 INGERSOLL
238,5036,4107 CENTER POINT RD NE
271,2959,4343 MERLE HAY ROAD
328,4288,2000 WILEY BLVD SW STE 106
333,4625,1602 AVENUE G
340,2487,402 EAST MAIN
349,3437,1120 SUNSET DRIVE
391,3692,724  1ST ST E
396,3631,104 MARKET ST PO BOX 206
405,4572,"1400, G AVE"
520,4812,1908 CLARK ST
531,4681,100 E ELM ST
781,2367,101 SOUTH BURNETT
945,3529,114 S SECOND
980,3970,"835 6 ST, STE 1"
1271,4729,501 HIGHWAY 39 NORTH
1340,3761,200 N WALNUT ST
1457,5053,"610, EASTBURY DR"
1800,2955,1819 BEAVER
1966,4276,107 N MILL ST
2041,2958,3400 E 33 ST
2260,5008,1307 S BROADWAY ST
2393,2956,4121 FLEUR DRIVE
2402,2962,5440 NW 86TH ST
2718,4672,402 S HWY 52
2892,4349,1101 ARMY POST RD
2975,4386,613 N. 3RD AVE N
3039,2953,1320 E. EUCLID
3074,5085,230 WATERLOO RD
3226,2963,15500 HICKMAN
3585,4834,2603 SECOND AVE
3642,5168,"4107, CENTER POINT RD NE"
4024,5139,"200, BROADWAY ST"
4241,2599,1914 8TH STREET
4614,5038,437 SULLIVAN AVE
4648,4071,103 BLAIR ST
4797,4030,201 MARKET ST
5020,2951,8700 HICKMAN
5415,5026,119 N MAIN ST
5818,3925,585 HWY 965 S  STE E
7110,4432,822 1ST AVE
7466,4691,701 RAILROAD ST
7561,4683,1459 ANSBOROUGH AVE
7792,4322,103 N MAIN ST
8078,4085,1975 FRANKLIN ST
8160,4567,4685 NW 2nd AVE
8212,4920,5225 NW 86TH ST
8651,4776,420 WEST HWY 30
10838,4990,524 MAIN ST
10947,4188,882 MAIN ST
11055,4012,1401 BUCHANAN ST
11149,2961,5003 E P TRUE PARKWAY
11524,3440,501 LOCUST ST
12533,5030,315 FLETCHER AVE
12615,4889,1516 SE  1st ST
13123,3451,622 10TH ST
15257,4335,313 S MAIN ST
15790,4586,730 HIGH ST
16732,4583,208 MAIN ST
18014,5033,4335 TEXAS ST
21172,3864,201 S MAIN ST PO BX 40
21278,4939,6401 DOUGLAS AVE   STE 1
24269,4425,1749 W BROADWAY ST
25969,4870,1032 STATE ST
27962,4270,2508 N COURT ST
30164,4488,20 MILLER AVE SW
36446,4121,13410 STATE HWY 78
47886,3969,205 NE 6TH ST
50175,4954,"3750, 111TH ST"
54162,5084,"3221, 1ST AVE SE"
54233,5136,6401 DOUGLAS AVE
65726,5032,1621 UNIVERSITY AVE
65871,4486,1001 SANBORN AVE
75527,4059,1206 7TH AVE
57,4117,612 S HIGHWAY 71 UNIT 4
188,2964,1802 N ANKENY BLVD
208,4616,719 2ND AVE W
238,4075,919 W 5TH ST
317,4963,"408, 6TH AVE"
407,4381,2177 M AVE
419,4964,101 E 4TH ST
489,4007,109 E MAIN ST
523,4340,3121 GRAND AVE
549,3352,900 EAST MAIN ST.
556,4108,2917 PAYNE
635,3614,200 OAK GROVE DR
652,4403,7229 Universty Ave
667,4221,4335 TEXAS ST
692,3797,211  W 53RD ST
1069,2537,215 S 25TH ST
1169,5049,1069 230TH ST
1253,4835,4107 CENTER POINT RD NE
1360,4181,1101 RHOMBERG AVE
1387,4093,1724  5TH AVE SOUTH
1663,4099,68 MONROE PO BOX 249
1676,4005,417 MAIN ST
1866,4931,230 WATERLOO RD
2031,3962,618 DURANT ST
2074,3791,111 E HARRISON ST
2118,2510,2405 MT VERNON RD SE
2234,4036,315 FLETCHER AVE
2295,2659,303 E JEFFERSON ST
2401,4072,2604 W LOCUST ST
2507,4772,196 S 50TH ST
2533,4574,413 BROAD ST
2609,3994,72 NORTH HWY 71
3605,3616,410 W MAIN ST
3606,4875,"307, MAIN ST"
3654,4332,1621 UNIVERSITY AVE
3857,4050,437 SULLIVAN
4026,2583,528 S HWY 1
4220,3798,2021 AVE E
4311,2960,1208 PROSPECT
4533,3915,106  S 16 ST
4565,2638,5925 UNIVERSITY AVE STE A
4629,3847,735 LOGAN AVE
4764,4976,1203 TRI VIEW AVE
5167,3976,119 NORTH MAIN ST
5678,3615,1307 S BROADWAY
6589,4951,4141 CENTER POINT RD NE
6749,4955,504 1st ST SW
7025,4465,714 S EAST ST
7598,4928,1829 6TH AVE
9681,4139,2121 UNIVERSITY AVE
10042,4865,412 GARFIELD ST
10177,4994,200 BROADWAY ST
11599,4966,1100 E 5TH ST
12816,4936,2 N  EYBERG ST
12973,4946,306 BYRON AVE
14023,4225,1701 IOWA AVE
16218,4977,2520 GORDON DR
18607,3534,207 S HILLTOP AVE
19036,4693,250 16th AVE SW
19121,4784,2330 WILEY BLVD SW
22149,4618,"1581, 1st AVE SE"
25654,4494,800 HAMILTON BLVD
26026,4029,204 S MAIN ST
29237,4906,3221 FIRST AVE SE
41249,4101,301 WATER ST  PO BOX 166
41560,4646,104 4th ST
43722,4632,1443 2nd AVE
44074,3003,820 E. MAIN STREET
47180,3536,111 S COMMERCIAL AVE
47299,4095,200 BROADWAY ST
85682,5016,3326 CENTER POINT RD NE
98339,4441,204 N Main St
110057,4965,6087 HWY 110 S
127265,4460,808 S Main St
138419,4816,1303 W SHERIDAN AVE
140964,4534,141 W GILLET ST
166798,4331,303 HIGHWAY 150 N
283043,4871,125 W JEFFERSON AVE
1568970,9014,5520 190th St.
2,3929,515 1/2 BROADWAY ST
11,4187,109  5TH ST
89,4564,408 6th AVE
134,4758,1100 EAST 5TH ST
290,3583,220 EAST JEFFERSON
370,3878,2128 COLLEGE ST
410,4526,4307 W LOCUST ST
457,4219,910 N 8TH ST W
562,4593,1404 MAIN ST
565,4581,2728 CENTER ST
599,4833,1804 135th AVE
643,3482,525 N MAPLE ST
675,4257,821 BROADWAY
737,4347,102 W MAYNE
808,2503,849 SOUTH ANKENY BLVD.
887,3016,200 SOUTH STATE ST
891,3531,508 MAIN ST
993,3885,400 EAST FIRST ST
1066,4649,3418 W BROADWAY
1234,4484,200 E 3RD
1330,3911,813 1/2 HIGHLAND ST
1545,4302,1829 6TH AVE
1552,4442,212 10TH ST
1643,4348,101 E 4TH
1807,4035,3105 HUDSON RD
1810,3697,51 W 32ND ST PO BOX 300
1910,4809,"123, MADISON ST"
1952,4327,655 ROBBINS RD
2034,4894,828 W RIVER DR
2057,2664,1003 KELLY ST
2195,4814,306 BYRON AVE
2539,3895,550 DIVISION ST
2708,4304,208  4TH ST
2788,4328,313 COLLEGE DR
2839,4076,1026 W RIVER DR #B
3224,4606,1203 TRI VIEW AVE
3355,4294,1544 SUPERIOR ST
3709,4043,1703 MT PLEASANT ST
3748,4614,6401 DOUGLAS AVE ste 1
3895,4886,1500 1st AVE NE
4082,4851,3200 16th AVE SW
4213,4078,2323 MAIN ST
4342,4850,4141 CENTERPOINT RD NE
4830,4080,809 EAST 18 ST
5061,3492,319 COURT ST
5311,4922,101 W MAIN ST
5508,4109,1516 SE 1ST
6944,2422,700 GRAND AVENUE
7750,4044,421 N MAIN ST
10008,4341,524 MAIN ST
10410,4826,204 S MAIN ST
11178,3734,215 S RERICK AVE
14337,4422,104 N DIVISION ST
16977,4671,9 N ELK RUN RD
22894,4822,413 A AVE W
25837,4680,4121 SE 14TH ST
28562,3725,101  6TH ST
28681,4916,505 E VINE AVE
30461,4033,221 MAIN ST
31219,4918,6087 HWY 110 S
36699,4052,"300  1ST ST, STE F"
46612,4113,3134 MANAWA CENTRE DR
51325,4832,1107 S 16 ST
53421,4215,9 N ELK RUN RD
78341,3812,6087 HWY 110 SOUTH
95189,4333,1117 EAST 4TH
95261,4570,"1804, HWY BLVD"
113614,4815,1310 W SHERIDAN AVE
479107,3543,101 MAIN ST
1382902,9017,"29538, 210th St."
27,3906,412 N ROOSEVELT ST
53,2534,8601 DOUGLAS
154,3480,719  2ND AVE W PO BOX 401
208,4280,1301 EAGLE RIDGE RD
224,2132,100 E ELM
261,3760,3107 N BRADY ST
305,4483,108 E COLLEGE
334,2645,510 E 6TH ST
351,4309,430 S 35TH ST
637,2511,"1440 32ND STREET, N.E."
686,4094,218 WELCH AVE STE 3
704,4038,501 HIGHWAY 39 NORTH
763,4639,902 1st AVE N
808,4399,33083 UTE AVE
896,4039,1817 W BROADWAY
939,3852,502 E AVE NW
1203,2634,3615 LINCOLN WAY
1217,4049,423 SHARP ST
1231,4040,1801 VALLEY VIEW DR
1245,4763,4141 CENTER POINT RD NE
1324,4282,4107 CENTER POINT RD
1421,4363,400 S MAIN ST
1459,4330,702 1ST AVE E
1583,3554,102 N MAIN
1612,4666,2635 ADVENTURELAND DR
1701,4469,516 HWY 141
1931,4329,2635 ADVENTURELAND DR
2007,4115,2105 FOREST
2036,4218,2844 UNIVERSITY AVE
2351,4262,1004 HIGHWAY 30 W
2464,4391,508 SE KENT ST
2518,4041,2344 CAMANCHE AVE
2617,4394,702 CHATBURN AVE
2642,4144,1908 CLARK ST
2751,4350,916 E MAIN ST
2975,3064,804 NILE KINNICK DR S
3325,4066,1201 NORTH JEFFERSON STE 100
4035,4550,1459 ANSBOROUGH AVE
4153,3642,327  5TH ST
4185,4213,630 N 3RD ST
4263,3596,204 MAIN ST
4280,4323,902  1ST AVE N
4297,2161,FIRST & MAIN
4571,4352,301 W TAYLOR ST
4774,4383,903 N SUMMER AVE
6379,4259,901 S MARKET
6609,4579,2293 HWY 30
8200,4400,413 A AVE W
8476,4389,204 S MAIN ST
8800,4026,810 W 7 ST
10576,4390,1400 E WASHINGTON ST
10958,3530,175  1ST ST SE
11644,3569,419 MERRILL ST
12737,3172,20 SOUTH 4TH ST
14753,4174,1737  AVE H
15430,4682,906 N HIGHWAY 5
29905,4407,1201 E MAIN ST
36483,4354,1303 W SHERIDAN AVE
37582,3832,211 MAIN ST
44455,2260,509 FIRST AVE
140583,4226,21 W MAIN ST
142813,4830,"7600, UNIVERSITY AVE"
143579,4314,304  4TH ST
