,Store Number,County Number
35,4312,78.0
117,5244,45.0
164,4829,77.0
184,4361,77.0
195,2478,77.0
217,4819,77.0
274,3644,77.0
332,3870,77.0
403,5057,77.0
411,2532,77.0
471,5318,77.0
503,4799,77.0
513,2636,77.0
549,3696,77.0
569,4622,77.0
611,3651,91.0
630,4684,91.0
671,2448,91.0
715,5359,31.0
749,2549,91.0
830,2527,77.0
970,4617,77.0
1013,5313,77.0
1053,2536,77.0
1084,3816,69.0
1115,9013,91.0
1118,9913,91.0
1120,3618,57.0
1166,2509,57.0
1251,4845,57.0
1290,5142,57.0
1356,2588,57.0
1513,2590,57.0
1650,4487,57.0
1674,4636,57.0
1707,3385,57.0
1745,3628,57.0
1777,2647,57.0
1953,4154,57.0
1977,2605,57.0
2069,4624,57.0
2144,5097,57.0
2152,4687,57.0
2161,4771,57.0
2199,5214,57.0
2211,2622,52.0
2219,2627,77.0
2291,4677,52.0
2447,2285,52.0
2448,4161,52.0
2467,5286,52.0
2496,5060,52.0
2519,5014,52.0
2528,3896,52.0
2628,5111,52.0
2646,4160,52.0
2675,2513,52.0
2792,4728,52.0
2817,2844,52.0
2832,2545,52.0
2918,4697,52.0
2930,3980,52.0
2980,4844,52.0
3004,3926,52.0
3083,5224,52.0
3130,4134,63.0
3144,3849,31.0
3276,2624,31.0
3439,3944,31.0
3450,3632,31.0
3494,2524,31.0
3607,4106,31.0
3642,4334,31.0
3660,2413,31.0
3764,3959,31.0
3789,5258,31.0
3806,3841,31.0
3834,4167,31.0
4005,3774,31.0
4020,4712,31.0
4029,5042,31.0
4045,3738,31.0
4069,4535,31.0
4078,2649,31.0
4233,3495,53.0
4379,4252,53.0
4407,4137,25.0
4416,4299,57.0
4461,2666,77.0
4463,4136,77.0
4464,9911,77.0
4476,4599,77.0
4520,3625,77.0
4559,5124,77.0
4621,4131,77.0
4641,3691,77.0
4696,4449,77.0
4707,4450,77.0
4717,2665,25.0
4789,3943,85.0
4806,4378,25.0
4813,4384,25.0
4830,4623,25.0
4840,5092,77.0
4869,2619,77.0
5140,2200,81.0
5157,4098,92.0
5183,4021,51.0
5210,3811,56.0
5227,3562,29.0
5272,3790,44.0
5301,2552,57.0
5456,4492,57.0
5471,3666,57.0
5492,4956,57.0
5529,4788,57.0
5544,3912,57.0
5595,5176,57.0
5717,4443,57.0
5726,4895,57.0
5783,4634,57.0
5802,5230,57.0
5821,2843,57.0
5849,5254,57.0
5877,4496,57.0
5900,4660,57.0
5915,4637,57.0
5942,4566,57.0
5957,3822,52.0
5976,3663,7.0
6013,3889,9.0
6027,3859,10.0
6038,4019,28.0
6054,2113,94.0
6079,5141,94.0
6091,4998,13.0
6159,5010,81.0
6183,4118,81.0
6210,4116,81.0
6215,5354,81.0
6224,5151,47.0
6251,5004,47.0
6267,4097,24.0
6291,3932,67.0
6371,5228,97.0
6377,5274,75.0
6392,3650,47.0
6450,5140,18.0
6506,3989,18.0
6531,4310,18.0
6580,2597,18.0
6623,3749,11.0
6649,2576,11.0
6709,3635,8.0
6779,5067,11.0
6796,5028,11.0
6814,4163,11.0
6821,5326,11.0
6946,3855,11.0
6995,3876,13.0
7025,4324,94.0
7061,4831,8.0
7076,2505,8.0
7117,4935,7.0
7179,4408,8.0
7192,4409,8.0
7216,4023,8.0
7236,4107,8.0
7277,3769,7.0
7314,2572,7.0
7388,3868,57.0
7580,4902,7.0
7588,2571,7.0
7624,4900,7.0
7665,4648,7.0
7681,5063,7.0
7715,4077,7.0
7731,4647,7.0
7758,5113,7.0
7776,4502,7.0
7805,5243,7.0
7843,4265,7.0
7861,5043,7.0
7891,3993,7.0
7934,5174,7.0
7974,4512,7.0
7980,4642,7.0
7997,3773,57.0
8187,5236,53.0
8326,3934,49.0
8344,3563,70.0
8378,2633,77.0
8572,2564,7.0
8779,4511,77.0
8790,4068,77.0
8811,5169,77.0
8823,3909,63.0
8844,2551,59.0
8913,5059,93.0
8935,2669,93.0
8955,4027,4.0
8972,4271,4.0
8983,2523,4.0
9061,3013,26.0
9091,4046,4.0
9118,2559,68.0
9157,4011,68.0
9190,4789,63.0
9196,4817,63.0
9222,3818,63.0
9298,2566,63.0
9382,4275,63.0
9396,5080,21.0
9410,3660,63.0
9422,5050,91.0
9453,2190,77.0
9556,5309,77.0
9565,3783,76.0
9624,3626,21.0
9647,4234,21.0
9660,2565,21.0
10009,3390,30.0
10105,5068,30.0
10147,5293,30.0
10179,5104,30.0
10211,2233,30.0
10238,3622,30.0
10258,2522,30.0
10353,4239,30.0
10376,4387,30.0
10386,4582,30.0
10418,5154,30.0
10437,4272,32.0
10499,2556,32.0
10546,4269,16.0
10619,4783,74.0
10629,3704,74.0
10731,4254,74.0
10746,4592,74.0
10785,2445,78.0
10786,2512,52.0
11019,4013,16.0
11031,5329,23.0
11050,5106,23.0
11086,5298,23.0
11107,3920,23.0
11172,2616,23.0
11373,5227,23.0
11409,2806,23.0
11486,4204,23.0
11502,4864,23.0
11527,3647,23.0
11555,4132,23.0
11568,2475,55.0
11577,3732,82.0
11623,3845,94.0
11680,3592,42.0
11730,2562,94.0
11766,2663,77.0
11777,5237,48.0
11799,2644,94.0
11910,4311,94.0
11929,5238,94.0
11969,5167,94.0
12039,4805,94.0
12047,4319,46.0
12071,2606,46.0
12116,3524,85.0
12163,5005,76.0
12186,4542,76.0
12199,4527,46.0
12223,4757,77.0
12298,4103,85.0
12314,4940,77.0
12361,5279,85.0
12371,4428,85.0
12399,4437,85.0
12437,2500,85.0
12713,2501,85.0
12966,4129,85.0
13144,2609,85.0
13170,4438,85.0
13187,3866,85.0
13206,4004,85.0
13217,4674,85.0
13299,4105,85.0
13345,5000,85.0
13354,5135,85.0
13371,3952,82.0
13373,4453,95.0
13378,3772,77.0
13401,4448,77.0
13406,5250,77.0
13460,2625,82.0
13640,3776,82.0
13689,2603,82.0
13693,4192,82.0
14114,5013,82.0
14137,5335,82.0
14159,4717,82.0
14167,2840,82.0
14184,3715,82.0
14244,2614,82.0
14292,4630,82.0
14352,4640,82.0
14389,4652,82.0
14408,5319,82.0
14445,3853,82.0
14476,2637,82.0
14509,5257,90.0
14601,5003,82.0
14629,2502,77.0
14725,3723,67.0
14903,4971,77.0
14940,4433,77.0
14975,3949,63.0
14986,2642,63.0
15064,3990,62.0
15176,3735,10.0
15216,4300,62.0
15228,4821,62.0
15236,2596,90.0
15310,3726,90.0
15341,2543,90.0
15597,4069,90.0
15609,3916,90.0
15651,5300,90.0
15755,2611,90.0
15862,2548,77.0
15989,2238,77.0
16111,2594,97.0
16134,5348,64.0
16301,4202,97.0
16320,3879,97.0
16324,5351,97.0
16343,4879,97.0
16381,4884,97.0
16402,4565,97.0
16422,2621,97.0
16517,3808,7.0
16588,3869,52.0
16666,4452,97.0
16785,2623,97.0
16967,3820,97.0
17101,4975,97.0
17126,4588,97.0
17153,4558,97.0
17188,2667,97.0
17230,4200,97.0
17244,4568,97.0
17281,3757,97.0
17326,5086,97.0
17342,3447,97.0
17360,3722,97.0
17394,4201,97.0
17414,5027,97.0
17431,4676,97.0
17443,4197,97.0
17472,4888,97.0
17496,4444,97.0
17520,5264,77.0
17576,3942,86.0
17641,4195,86.0
17659,4025,6.0
17684,4070,6.0
17731,5268,6.0
17747,2618,57.0
17762,3417,48.0
17905,4439,57.0
17930,4346,6.0
17969,5292,6.0
17976,4228,6.0
17988,4298,86.0
18026,5202,7.0
18041,4978,7.0
18049,4557,86.0
18067,5323,86.0
18080,5284,79.0
18104,3873,52.0
18120,2670,52.0
18345,5009,52.0
18537,4157,52.0
18550,3928,52.0
18557,5105,52.0
18700,2508,57.0
19015,5222,57.0
19046,2568,57.0
19073,5356,57.0
19113,3890,57.0
19175,5073,57.0
19185,2846,57.0
19212,4162,57.0
19232,5190,57.0
19283,4393,77.0
19302,5339,48.0
19344,5150,79.0
19357,3629,78.0
19358,5360,82.0
19425,3762,77.0
19468,4773,77.0
19491,9906,77.0
19499,4849,77.0
19548,5102,57.0
19556,2626,77.0
19574,2635,82.0
19823,3731,82.0
19885,3354,82.0
19913,2838,82.0
19930,4751,82.0
19939,4694,82.0
19953,2567,82.0
20076,4638,82.0
20099,3858,82.0
20130,5215,82.0
20155,4196,82.0
20179,5029,82.0
20235,4847,82.0
20287,3420,77.0
20309,3645,77.0
20344,4461,77.0
20403,4388,77.0
20443,2854,77.0
20528,4392,77.0
20569,4732,77.0
20578,4733,77.0
20586,4661,77.0
20612,4374,77.0
20632,4209,77.0
20673,4375,77.0
20687,4344,77.0
20842,4901,77.0
20868,4362,77.0
20878,4083,77.0
20913,4609,77.0
20926,4397,77.0
20942,4405,77.0
20986,2106,7.0
21074,2130,7.0
21178,5155,7.0
21213,4988,7.0
21223,4932,7.0
21312,4959,7.0
21385,3995,7.0
21421,4761,7.0
21429,4958,7.0
21525,3713,17.0
21552,3528,17.0
21573,2515,17.0
21611,3664,98.0
21771,2652,17.0
21869,2582,17.0
21994,5034,17.0
22025,5251,17.0
22075,4668,17.0
22092,3456,17.0
22270,4969,17.0
22381,4091,17.0
22402,5069,95.0
22408,5334,95.0
22446,5115,98.0
22458,4104,17.0
22469,5280,17.0
22483,5247,17.0
22521,3525,92.0
22579,2517,50.0
22711,4807,48.0
22730,4787,52.0
22773,4493,57.0
22938,4500,52.0
22979,4427,52.0
23002,5196,52.0
23015,4713,52.0
23033,3670,52.0
23098,4366,52.0
23121,5011,48.0
23141,3888,79.0
23152,2579,79.0
23195,3054,79.0
23215,4345,79.0
23297,4185,79.0
23319,5138,50.0
23342,4604,50.0
23468,5116,94.0
23515,4194,50.0
23537,3041,50.0
23583,3514,94.0
23626,9002,82.0
23636,9902,82.0
23640,5321,6.0
23645,5303,64.0
23662,3719,64.0
23687,2544,64.0
23948,5248,64.0
24018,5346,64.0
24088,4756,64.0
24094,5324,64.0
24130,5179,50.0
24141,4727,77.0
24159,4810,77.0
24177,4084,77.0
24194,4404,77.0
24205,4726,77.0
24432,4601,77.0
24450,4598,77.0
24474,4795,77.0
24477,5125,77.0
24541,4803,77.0
24555,4140,77.0
24779,4802,77.0
24790,5162,77.0
24801,3877,77.0
24935,4941,77.0
25121,4447,77.0
25132,2587,77.0
25356,2648,77.0
25588,4368,77.0
25603,4725,77.0
25831,2528,77.0
26020,4603,77.0
26057,2561,77.0
26231,4301,77.0
26259,5129,77.0
26297,4595,77.0
26347,4997,77.0
26388,4942,77.0
26395,2849,77.0
26409,4798,77.0
26438,3678,77.0
26449,4877,77.0
26461,2248,77.0
26521,5127,77.0
26588,4804,77.0
26602,2535,77.0
26641,4230,77.0
26654,2630,77.0
26673,4373,77.0
26680,3814,25.0
26692,3899,77.0
26944,5347,77.0
26965,4927,77.0
26993,2521,77.0
27165,5146,77.0
27177,4718,77.0
27235,4521,37.0
27264,4190,37.0
27325,2671,37.0
27367,5205,14.0
27387,4158,14.0
27406,4613,14.0
27419,4688,14.0
27441,2593,14.0
27477,4014,24.0
27602,4410,8.0
27620,4001,14.0
27651,2595,24.0
27805,3756,14.0
27846,5343,14.0
27858,4917,25.0
27874,2612,25.0
27990,4320,8.0
28014,5012,8.0
28034,3831,8.0
28061,3987,55.0
28064,4169,77.0
28111,4385,91.0
28146,5144,77.0
28201,2628,42.0
28219,4110,12.0
28272,2657,87.0
28375,2620,77.0
28625,4893,77.0
28639,4594,77.0
28664,4369,91.0
28675,4092,91.0
28700,4260,20.0
28720,2550,20.0
28772,3997,20.0
28782,4419,27.0
28788,2668,27.0
28819,3826,20.0
28855,4382,77.0
28937,4801,77.0
28952,5098,77.0
28962,4165,77.0
28980,4549,85.0
28986,5337,38.0
29008,4659,38.0
29031,4250,42.0
29074,4455,42.0
29081,4657,38.0
29087,5206,38.0
29127,4495,38.0
29147,4396,38.0
29179,4306,35.0
29223,4547,35.0
29248,4421,35.0
29273,2460,35.0
29314,4658,42.0
29327,4284,42.0
29340,2658,80.0
29354,3813,80.0
29398,2655,73.0
29424,4249,73.0
29467,5210,73.0
29514,4246,73.0
29523,2607,73.0
29601,4937,73.0
29608,4629,65.0
29637,4708,65.0
29668,4010,65.0
29705,4738,78.0
29714,4545,78.0
29751,4510,65.0
29768,2518,69.0
29883,4318,69.0
29899,2656,22.0
29925,2327,2.0
29975,5110,87.0
30000,3830,88.0
30029,2553,88.0
30066,2672,61.0
30091,4823,88.0
30113,4291,88.0
30162,4531,88.0
30169,2228,61.0
30222,4848,61.0
30296,4907,7.0
30309,4947,7.0
30451,4147,7.0
30463,3819,96.0
30469,4631,7.0
30490,4914,7.0
30507,2835,7.0
30523,4723,7.0
30536,5007,9.0
30550,5181,9.0
30560,5352,9.0
30581,3717,9.0
30607,3857,3.0
30637,4762,96.0
30727,4818,96.0
30728,4183,96.0
30773,3721,96.0
30806,4289,3.0
30826,2178,3.0
30918,5017,3.0
30959,5330,3.0
30988,4973,33.0
31043,4466,33.0
31055,5180,33.0
31071,4628,33.0
31089,4156,33.0
31110,5199,33.0
31123,3584,33.0
31163,4395,40.0
31183,4651,40.0
31208,5297,40.0
31232,2602,40.0
31262,4709,85.0
31388,5187,85.0
31405,4235,40.0
31420,5296,40.0
31427,4133,40.0
31450,4459,99.0
31465,4236,99.0
31531,4556,99.0
31542,3056,99.0
31567,4591,99.0
31579,5287,99.0
31585,5302,99.0
31595,3654,99.0
31611,4247,99.0
31628,4172,42.0
31649,4355,85.0
31671,4081,85.0
31738,4102,85.0
31785,4675,85.0
31807,4767,77.0
31832,5245,77.0
31909,5051,77.0
31934,4478,77.0
31969,4597,77.0
32016,5145,77.0
32056,4186,77.0
32076,5131,77.0
32116,3700,78.0
32163,5322,78.0
32190,4743,78.0
32240,3443,78.0
32316,3728,78.0
32388,4476,78.0
32399,5182,78.0
32424,3963,78.0
32490,4740,78.0
32504,5327,78.0
32508,4317,1.0
32559,4626,78.0
32579,4808,78.0
32591,4474,78.0
32615,4608,78.0
32652,5314,78.0
32750,4462,95.0
32768,4509,85.0
32777,3477,78.0
32813,4503,78.0
32862,4516,78.0
32947,4463,41.0
32973,4780,41.0
32983,3682,55.0
33001,4268,55.0
33058,2585,55.0
33174,3842,55.0
33224,4650,55.0
33259,4073,95.0
33358,3881,64.0
33408,5126,77.0
33547,2539,42.0
33675,2651,9.0
33866,4146,9.0
33906,4538,12.0
33913,4999,12.0
33923,4700,12.0
33936,3676,12.0
33997,4203,9.0
34036,4924,19.0
34072,3688,19.0
34087,4285,19.0
34157,4143,19.0
34287,4233,45.0
34328,4769,45.0
34347,4559,66.0
34440,3542,66.0
34468,4986,34.0
34485,5134,34.0
34497,5121,34.0
34536,4321,34.0
34572,2578,34.0
34697,4524,34.0
34727,3045,41.0
34759,4600,77.0
34823,4273,77.0
34928,4057,77.0
34929,3825,77.0
34974,4062,77.0
35055,5128,77.0
35109,2852,77.0
35161,3612,49.0
35186,3778,77.0
35289,2850,77.0
35302,5338,77.0
35597,3886,53.0
35621,5333,53.0
35741,3829,57.0
35816,4856,57.0
35876,4562,16.0
35889,4953,23.0
35930,4051,49.0
36159,3488,49.0
36177,4540,49.0
36188,4690,49.0
36202,4543,57.0
36216,4180,57.0
36308,4876,57.0
36326,3707,57.0
36398,2569,57.0
36548,4605,57.0
36586,4736,57.0
36623,2514,57.0
36682,2847,57.0
36702,4401,57.0
36735,4155,57.0
36780,2560,57.0
36996,5039,52.0
37004,4126,52.0
37115,3494,7.0
37183,2538,7.0
37227,4166,10.0
37425,5364,7.0
37455,2575,7.0
37497,2643,7.0
37686,4760,7.0
37713,4150,7.0
37751,3690,7.0
37788,3740,7.0
37840,4910,7.0
37886,2837,7.0
37907,4223,7.0
38002,4153,7.0
38030,5031,7.0
38090,5001,10.0
38174,3784,10.0
38251,4148,10.0
38252,5175,28.0
38336,5271,10.0
38369,4189,28.0
38376,5054,28.0
38486,5171,28.0
38538,3744,31.0
38562,4182,31.0
38591,4585,31.0
38604,5148,31.0
38626,4607,22.0
38636,3782,22.0
38681,4869,22.0
38710,3679,22.0
38782,4972,22.0
38808,4908,22.0
38862,4130,89.0
38881,3803,22.0
38882,4855,22.0
38903,3957,22.0
38922,4943,90.0
38938,4296,89.0
38991,2555,56.0
39129,4993,56.0
39160,2191,56.0
39313,4673,56.0
39356,4793,56.0
39384,3549,56.0
39457,2584,56.0
39546,4619,56.0
39643,4258,29.0
39673,4898,29.0
39690,4721,29.0
39707,5204,29.0
39726,4722,29.0
39732,4424,29.0
39771,4752,29.0
39805,5149,29.0
39842,2507,29.0
39884,4897,29.0
39944,2506,29.0
40263,4794,29.0
40292,5071,16.0
40309,4698,51.0
40326,4522,50.0
40391,2601,51.0
41067,5040,70.0
41186,3838,48.0
41327,5108,82.0
41354,5249,82.0
41437,4644,82.0
41445,5100,82.0
41470,4962,82.0
41504,3917,82.0
41598,4749,82.0
41614,3805,82.0
41693,5226,82.0
41741,4892,82.0
41821,4949,82.0
41836,5320,82.0
41896,2554,82.0
41915,4303,29.0
41947,3918,82.0
42019,4967,82.0
42098,2629,78.0
42378,2641,78.0
42488,2613,78.0
42653,5315,54.0
42693,5316,54.0
42736,4279,54.0
42754,4580,92.0
42924,2653,92.0
43082,5163,44.0
43089,5072,44.0
43115,2558,44.0
43274,4790,29.0
43377,4125,58.0
43422,4413,58.0
43435,3710,58.0
43440,3403,58.0
43522,5090,70.0
43536,5299,70.0
43545,5091,70.0
43631,2662,70.0
43855,4467,70.0
43897,4984,70.0
43986,2573,70.0
44175,5260,70.0
44194,3907,70.0
44259,4184,70.0
44309,5261,70.0
44344,4806,70.0
44366,3910,92.0
44380,4402,92.0
44395,4067,90.0
44437,5252,48.0
44449,3712,79.0
44495,3065,79.0
44516,4878,71.0
44538,4193,71.0
44563,3576,71.0
44628,4485,71.0
44664,4248,71.0
44679,2661,71.0
44784,3621,71.0
44901,4589,72.0
44944,4891,72.0
45004,4336,60.0
45037,4434,60.0
45067,3705,60.0
45150,4337,60.0
45181,4006,60.0
45187,4904,60.0
45229,4820,60.0
45263,5153,60.0
45293,5263,84.0
45330,4909,84.0
45342,4563,84.0
45359,3763,84.0
45392,4525,75.0
45424,4255,84.0
45470,5133,84.0
45516,4256,84.0
45539,3981,84.0
45586,2660,84.0
45647,3742,75.0
45688,2604,75.0
45756,4277,75.0
45793,4231,75.0
45824,3695,75.0
45865,3484,18.0
45887,5311,71.0
45921,4569,71.0
45943,4532,11.0
45955,3964,11.0
45999,5266,11.0
46004,3461,1.0
46026,4654,1.0
46046,4416,39.0
46065,4417,1.0
46076,4267,15.0
46129,3833,15.0
46159,2591,15.0
46326,5081,15.0
46347,4313,15.0
46364,5208,15.0
46368,4114,15.0
46418,5082,15.0
46426,5194,43.0
46455,5177,78.0
46464,5195,78.0
46483,4159,78.0
46718,4475,78.0
46780,3521,78.0
46808,4867,78.0
46825,5342,78.0
46855,4633,78.0
46890,5077,78.0
46924,3611,43.0
46929,5044,78.0
46944,4152,43.0
47068,5089,43.0
47098,5087,43.0
47127,4000,43.0
47236,5362,43.0
47237,2650,83.0
47271,4995,83.0
47284,4229,83.0
47424,5173,5.0
47442,4473,39.0
47633,5094,57.0
47640,4950,57.0
47733,2841,57.0
47744,4491,57.0
48569,4517,57.0
48578,4744,57.0
48623,4377,77.0
48912,4596,77.0
48953,4141,77.0
49037,4641,77.0
49073,4800,77.0
49224,4138,91.0
49491,4836,52.0
49501,4457,52.0
49517,4456,52.0
49543,3565,52.0
49684,4989,52.0
50029,5219,52.0
50118,4837,52.0
50220,4504,91.0
50248,5118,31.0
50594,2465,31.0
50713,4765,31.0
51110,5306,31.0
51299,4171,31.0
51537,5239,57.0
51754,5211,77.0
51798,4853,77.0
52239,4678,25.0
52298,4359,25.0
52387,4411,25.0
52417,4872,61.0
52427,4868,25.0
52472,4446,77.0
52548,4458,77.0
52993,4923,18.0
53260,4905,13.0
53371,4930,8.0
53618,5023,57.0
53646,5024,57.0
53654,2529,57.0
53764,4176,57.0
54079,4490,57.0
54434,4720,59.0
54899,4840,7.0
55169,5101,7.0
55485,4472,4.0
55857,4380,16.0
56227,4480,23.0
56486,4412,16.0
56505,4170,16.0
56658,4508,21.0
56663,3677,21.0
57345,4774,32.0
57346,4251,85.0
57369,4899,74.0
57616,5267,94.0
57792,4702,94.0
57802,2851,94.0
57942,4514,94.0
58085,5048,76.0
58099,4326,40.0
58118,4701,8.0
58142,4896,3.0
58400,3973,85.0
58630,4436,85.0
58818,2853,85.0
58827,4960,85.0
59332,4356,85.0
59417,4575,85.0
59743,4191,63.0
59843,3789,62.0
60026,2600,62.0
60074,5301,90.0
60138,4735,90.0
60475,4293,90.0
60486,4655,50.0
60618,4135,77.0
60638,4919,77.0
61579,4841,82.0
61586,4952,82.0
62138,5065,97.0
62579,5045,97.0
62880,4703,97.0
63091,4705,52.0
63336,5096,52.0
63366,5225,52.0
63743,5207,57.0
63759,4852,57.0
63859,4745,57.0
63911,4921,57.0
63935,4861,57.0
64045,5147,79.0
64157,5317,86.0
64331,5269,57.0
64369,5253,57.0
64389,4551,6.0
64525,4980,7.0
64537,4981,86.0
64554,4770,7.0
64843,4731,77.0
64955,5058,77.0
65013,5332,77.0
65213,4873,25.0
65451,3540,82.0
65538,4748,82.0
65953,4911,82.0
66006,5156,82.0
66497,4353,17.0
66803,5283,17.0
67345,5282,17.0
67354,5212,17.0
67438,4553,35.0
67597,3624,50.0
67931,4364,79.0
68075,4365,79.0
68290,5290,50.0
68340,4429,50.0
68891,4734,77.0
69220,5307,77.0
69251,4406,77.0
69508,5117,64.0
69527,4205,64.0
69551,2592,64.0
69674,4665,77.0
70469,4696,77.0
70481,4519,77.0
70577,5255,77.0
70586,4379,77.0
70704,4518,77.0
70712,3806,77.0
70746,5340,77.0
70755,4371,77.0
70962,4719,77.0
71108,4715,77.0
71201,4539,37.0
71474,5079,24.0
71489,4149,24.0
71568,5203,14.0
71695,4577,25.0
71924,4621,85.0
71961,3606,38.0
72037,3591,94.0
72152,5055,35.0
72158,4024,42.0
72174,5325,42.0
72738,4370,91.0
72755,5229,91.0
72772,4882,61.0
72957,5358,91.0
73113,4266,73.0
73169,5223,36.0
73189,3880,78.0
73207,4042,65.0
73637,4253,61.0
73859,3930,33.0
74240,4034,3.0
74401,3648,10.0
74584,4515,99.0
74614,5289,85.0
74768,4414,78.0
74788,5158,78.0
74827,4440,78.0
74840,4477,78.0
74920,4741,78.0
75018,4435,78.0
75185,4866,78.0
75361,5052,1.0
75535,3698,77.0
75859,5119,41.0
76022,5310,55.0
76117,4529,95.0
76207,5246,41.0
76566,4584,12.0
76618,4754,9.0
76875,4945,66.0
77963,5020,16.0
77990,4541,23.0
78222,5019,49.0
78239,4934,57.0
78295,4679,57.0
78936,5295,7.0
79377,3587,56.0
79973,5062,56.0
80191,4859,29.0
81677,5070,70.0
82060,2839,82.0
82230,5198,82.0
82311,3882,82.0
83249,4746,70.0
83634,4970,70.0
83757,5041,79.0
83839,5075,62.0
84331,5112,60.0
84793,4777,71.0
84897,4880,15.0
85031,3465,39.0
85122,4418,78.0
85606,5164,78.0
85803,5114,43.0
85929,4560,83.0
86033,2459,39.0
86847,4482,91.0
88979,4663,31.0
89179,4711,31.0
89641,4685,31.0
90389,5341,57.0
90928,5157,13.0
91012,4838,8.0
91181,4664,8.0
91223,5159,13.0
91842,5193,13.0
92392,5270,77.0
92547,4890,77.0
92710,4669,77.0
92853,4929,25.0
92910,4887,77.0
93797,4759,7.0
93818,2836,7.0
93921,5294,7.0
94301,4948,23.0
94830,4645,82.0
94875,4912,82.0
95422,4507,21.0
95590,3891,74.0
95648,5021,30.0
96005,4854,32.0
96026,4274,74.0
96238,5281,94.0
96377,5288,94.0
96571,4775,46.0
96829,5221,93.0
96864,5217,93.0
97019,4232,4.0
97282,5109,91.0
98311,4695,77.0
99609,4520,85.0
99828,5262,82.0
101566,5344,97.0
101737,5076,97.0
101772,5083,97.0
101807,5188,97.0
102148,5328,6.0
103204,5025,57.0
103333,4635,57.0
103445,5172,57.0
105905,4351,17.0
106767,4506,52.0
107101,4724,50.0
107191,5275,50.0
107883,4505,77.0
108262,5170,64.0
108272,4338,64.0
108304,3656,77.0
108309,5099,77.0
109294,3871,77.0
110732,4415,42.0
111370,4544,20.0
111422,4782,27.0
111783,4573,36.0
111854,4602,65.0
112337,4786,61.0
112382,4590,7.0
113041,4938,10.0
113659,4739,78.0
114771,4797,77.0
115275,5367,19.0
115503,3393,66.0
115625,4533,66.0
117238,5350,57.0
117529,4991,22.0
118223,4498,10.0
118508,4578,89.0
118655,4692,56.0
118764,5213,56.0
118828,4689,56.0
118961,4857,29.0
119367,4858,29.0
119390,4983,29.0
119678,4699,82.0
119836,4747,82.0
120351,4552,82.0
120479,5336,70.0
120742,5259,65.0
124025,4523,5.0
126130,4343,77.0
126981,4710,31.0
127599,3872,31.0
127763,5241,48.0
128137,5006,31.0
128277,4536,31.0
128312,5183,31.0
129532,4730,77.0
130051,4489,57.0
130245,5061,57.0
130377,5304,81.0
130497,5120,67.0
130683,4982,11.0
130935,4210,11.0
130957,4737,11.0
132306,5216,77.0
132771,5233,63.0
133218,4706,23.0
133396,5355,82.0
133607,5278,21.0
134666,3901,94.0
137037,5353,63.0
137438,5273,63.0
140411,4454,97.0
140697,4968,79.0
141914,5064,57.0
143523,4119,7.0
144046,4513,77.0
144115,2848,77.0
146338,4828,64.0
146362,4528,64.0
149356,4546,14.0
150130,9001,52.0
150139,9901,77.0
150569,4944,64.0
150598,4825,20.0
150737,3582,27.0
150988,5308,35.0
151439,4643,69.0
152519,5186,33.0
153128,4656,85.0
153196,4015,85.0
153335,4785,78.0
154868,4571,12.0
155284,5366,34.0
159253,4501,51.0
160663,4315,92.0
161006,4468,70.0
161512,4627,50.0
162711,4753,1.0
163375,5078,78.0
163476,5291,78.0
168988,4792,25.0
170133,3652,47.0
170628,4610,76.0
172043,5218,59.0
172288,4811,68.0
172630,4325,69.0
173115,4707,23.0
174894,5285,46.0
177802,5349,57.0
177817,5200,57.0
177848,4548,57.0
178404,4915,82.0
179097,4791,97.0
180670,5197,52.0
181319,5305,57.0
182331,5107,77.0
182916,9010,91.0
188121,4653,37.0
190371,5276,69.0
190580,4824,88.0
192230,2845,78.0
192954,4796,77.0
193539,5365,12.0
194873,5369,49.0
195428,4885,49.0
197240,4555,56.0
197401,5046,56.0
200178,4843,70.0
202229,5232,5.0
202993,5088,84.0
203011,4985,75.0
204292,4714,91.0
205098,5242,52.0
206794,5234,31.0
210017,5312,18.0
210389,4781,81.0
212098,5265,4.0
212504,5240,16.0
218830,4750,82.0
219151,5185,52.0
225173,4530,57.0
229808,9023,14.0
230286,4537,27.0
230877,2673,77.0
231412,4779,80.0
237000,9912,77.0
237546,5370,33.0
242257,5372,71.0
242478,5331,60.0
244239,5191,39.0
249349,5235,25.0
259108,5371,82.0
260373,4554,97.0
260848,4846,67.0
278117,4933,29.0
278209,5361,29.0
283187,5161,78.0
287137,5201,31.0
287854,5209,31.0
287875,4996,31.0
295057,4716,21.0
303106,4755,17.0
313230,4497,42.0
318873,4992,29.0
323600,5056,78.0
328141,4766,31.0
343948,9919,77.0
354559,5035,78.0
359378,5373,22.0
365649,5357,84.0
374796,5377,13.0
377882,4499,30.0
385034,5277,67.0
391455,5363,77.0
398325,5375,77.0
402692,5368,10.0
407938,5376,84.0
422878,9925,77.0
425786,9927,14.0
431506,5388,98.0
431586,5383,98.0
435451,5385,77.0
436069,5384,25.0
439105,5394,96.0
439543,5387,40.0
439765,5386,99.0
441608,5393,66.0
451913,5392,77.0
468637,5380,97.0
473479,5391,17.0
478471,5378,64.0
487033,5272,31.0
494448,5396,91.0
505617,9928,57.0
509888,5390,97.0
536372,5405,52.0
537257,5402,52.0
554715,5404,52.0
573762,5403,82.0
608575,5410,61.0
616011,5381,22.0
628333,5409,25.0
634182,5401,23.0
644550,5399,98.0
647425,5416,64.0
649926,5411,25.0
664728,5413,60.0
675269,4464,82.0
685202,9910,91.0
713173,5423,71.0
731175,5398,50.0
738036,5425,77.0
741063,5389,45.0
751349,5421,83.0
752941,5382,77.0
755277,5427,31.0
758423,5256,81.0
760119,5415,7.0
766944,5374,90.0
781664,5424,65.0
782464,5426,7.0
810637,5429,86.0
820967,5430,40.0
825886,5400,14.0
828254,5422,79.0
849783,5431,75.0
851145,5420,57.0
852012,4778,11.0
887485,5428,57.0
888081,5418,57.0
888380,5406,52.0
892605,5417,57.0
902058,5412,86.0
909167,5397,48.0
909586,5407,48.0
911634,5408,64.0
955601,5395,77.0
963905,9031,83.0
974637,5434,29.0
979974,5432,77.0
990439,5437,53.0
996571,9931,83.0
1001304,5436,82.0
1050009,9932,31.0
1050010,9022,82.0
1050013,9922,82.0
1066952,5439,44.0
1071020,5440,43.0
1117913,5435,71.0
1118455,5446,84.0
1120506,5443,77.0
1123472,5445,52.0
1127472,5441,18.0
1191149,5444,64.0
1289436,5449,57.0
1341014,5453,15.0
1408933,5433,17.0
1420968,2674,27.0
1424553,5448,56.0
1428844,5458,60.0
1459154,5447,7.0
1462005,5456,33.0
1462081,5455,33.0
1493695,5465,85.0
1502950,5462,57.0
1510191,5466,77.0
1512977,5454,99.0
1522726,5464,13.0
1527729,5450,94.0
1572348,5461,13.0
1576838,5457,55.0
1597031,5379,41.0
1604326,5470,70.0
1606020,5451,71.0
1638267,5463,96.0
1641692,5471,8.0
1654301,5460,52.0
1658942,5474,7.0
1684645,5473,57.0
1691340,5480,84.0
1725974,5459,2.0
1726803,5452,96.0
1727166,5477,22.0
1734188,5482,82.0
1778142,5472,7.0
1790797,5481,57.0
1793249,5487,7.0
1796852,5476,82.0
1807891,5475,7.0
1815681,5491,42.0
1824409,5478,29.0
1852557,5490,17.0
1858274,5493,69.0
1860970,5485,85.0
1869852,5489,44.0
1880621,5492,13.0
41,5166,64.0
43,4297,57.0
57,2290,11.0
106,5165,95.0
206,4576,30.0
222,3908,56.0
238,3950,48.0
241,3986,97.0
259,4974,77.0
260,4481,52.0
263,5123,25.0
264,4874,44.0
272,4016,38.0
288,4827,52.0
382,4222,7.0
390,3162,70.0
406,4360,50.0
475,4173,71.0
478,4358,99.0
485,3766,19.0
565,4670,9.0
570,4376,17.0
607,4471,7.0
631,2353,45.0
697,3573,90.0
746,3747,54.0
747,4283,57.0
780,4177,64.0
901,5160,90.0
907,3894,57.0
913,3785,77.0
922,2152,17.0
929,3968,50.0
962,4764,94.0
1008,4862,75.0
1070,4615,17.0
1380,4214,7.0
1400,4612,82.0
1416,5018,82.0
1468,3947,79.0
1593,4839,98.0
1763,5037,37.0
1787,5130,82.0
2313,5132,77.0
2349,4164,82.0
2443,5074,57.0
2949,4426,64.0
4172,4018,48.0
4268,4883,54.0
4611,3400,77.0
4880,4008,97.0
4996,4090,10.0
5081,3972,42.0
5170,4295,77.0
5175,2498,33.0
5244,5103,70.0
5589,4357,85.0
5631,4662,57.0
5770,3779,94.0
5910,4987,85.0
6037,4667,61.0
6081,4561,7.0
6332,4686,23.0
6716,4813,23.0
7418,4926,77.0
7684,5137,77.0
8105,4979,57.0
8971,4620,1.0
9178,4451,40.0
9210,4367,17.0
9233,4768,77.0
9442,4430,94.0
9686,4420,90.0
9770,4925,77.0
9899,4431,94.0
10036,5022,77.0
11165,4704,78.0
12464,4445,40.0
12912,5152,7.0
13421,4398,99.0
13453,4372,17.0
13489,4957,81.0
13557,4470,7.0
13677,4742,78.0
14545,5192,57.0
15623,4112,52.0
21131,5095,78.0
26471,5047,57.0
31823,3655,97.0
33970,5066,31.0
36079,5189,77.0
159264,4961,31.0
409406,5178,70.0
808277,4903,4.0
1549073,4307,43.0
1859715,9929,52.0
1925501,9018,31.0
2183787,9930,7.0
1,2205,73.0
20,5093,82.0
69,4881,14.0
137,4860,57.0
232,2954,77.0
238,5036,57.0
271,2959,77.0
328,4288,57.0
333,4625,78.0
340,2487,53.0
349,3437,91.0
391,3692,57.0
396,3631,5.0
405,4572,38.0
520,4812,34.0
531,4681,33.0
706,4308,52.0
781,2367,73.0
945,3529,18.0
980,3970,85.0
1271,4729,24.0
1340,3761,87.0
1457,5053,52.0
1800,2955,77.0
1966,4276,95.0
2041,2958,77.0
2260,5008,74.0
2393,2956,77.0
2402,2962,77.0
2718,4672,22.0
2892,4349,77.0
2975,4386,64.0
3039,2953,77.0
3074,5085,7.0
3226,2963,77.0
3585,4834,70.0
3642,5168,57.0
4024,5139,7.0
4241,2599,52.0
4614,5038,7.0
4648,4071,50.0
4797,4030,30.0
5020,2951,77.0
5415,5026,48.0
5818,3925,48.0
7110,4432,52.0
7466,4691,42.0
7561,4683,7.0
7792,4322,50.0
8078,4085,7.0
8160,4567,77.0
8212,4920,77.0
8651,4776,14.0
10838,4990,15.0
10947,4188,31.0
11055,4012,77.0
11149,2961,77.0
11524,3440,77.0
12533,5030,7.0
12615,4889,77.0
13123,3451,23.0
15257,4335,60.0
15790,4586,13.0
16732,4583,13.0
18014,5033,7.0
21172,3864,81.0
21278,4939,77.0
24269,4425,78.0
25969,4870,82.0
27962,4270,90.0
30164,4488,57.0
36446,4121,58.0
47886,3969,1.0
50175,4954,77.0
54162,5084,57.0
54233,5136,77.0
65726,5032,77.0
65871,4486,30.0
75527,4059,6.0
57,4117,30.0
188,2964,77.0
208,4616,21.0
238,4075,7.0
317,4963,16.0
407,4381,48.0
419,4964,70.0
489,4007,96.0
523,4340,85.0
549,3352,28.0
556,4108,77.0
635,3614,47.0
652,4403,77.0
667,4221,7.0
692,3797,82.0
1069,2537,94.0
1169,5049,9.0
1253,4835,57.0
1360,4181,31.0
1387,4093,94.0
1663,4099,34.0
1676,4005,3.0
1866,4931,7.0
2031,3962,83.0
2074,3791,37.0
2118,2510,57.0
2234,4036,7.0
2295,2659,93.0
2401,4072,82.0
2507,4772,77.0
2533,4574,55.0
2609,3994,30.0
3605,3616,76.0
3606,4875,7.0
3654,4332,77.0
3857,4050,7.0
4026,2583,92.0
4220,3798,84.0
4311,2960,77.0
4533,3915,81.0
4565,2638,7.0
4629,3847,7.0
4764,4976,97.0
5167,3976,48.0
5678,3615,74.0
6589,4951,57.0
6749,4955,17.0
7025,4465,13.0
7598,4928,77.0
9681,4139,77.0
10042,4865,76.0
10177,4994,7.0
11599,4966,11.0
12816,4936,78.0
12973,4946,7.0
14023,4225,64.0
16218,4977,97.0
18607,3534,19.0
19036,4693,57.0
19121,4784,57.0
22149,4618,57.0
25654,4494,97.0
26026,4029,28.0
29237,4906,57.0
41249,4101,85.0
41560,4646,10.0
43722,4632,77.0
44074,3003,13.0
47180,3536,99.0
47299,4095,7.0
85682,5016,57.0
98339,4441,22.0
110057,4965,11.0
127265,4460,22.0
138419,4816,73.0
140964,4534,49.0
166798,4331,33.0
283043,4871,3.0
1568970,9014,47.0
2,3929,7.0
11,4187,72.0
89,4564,16.0
134,4758,11.0
290,3583,93.0
370,3878,7.0
410,4526,82.0
457,4219,17.0
562,4593,84.0
565,4581,7.0
599,4833,20.0
643,3482,14.0
675,4257,7.0
737,4347,82.0
808,2503,77.0
887,3016,9.0
891,3531,66.0
993,3885,10.0
1066,4649,78.0
1234,4484,70.0
1330,3911,48.0
1545,4302,77.0
1552,4442,84.0
1643,4348,70.0
1807,4035,7.0
1810,3697,31.0
1910,4809,19.0
1952,4327,57.0
2034,4894,82.0
2057,2664,34.0
2195,4814,7.0
2539,3895,29.0
2708,4304,77.0
2788,4328,96.0
2839,4076,82.0
3224,4606,97.0
3355,4294,40.0
3709,4043,29.0
3748,4614,77.0
3895,4886,57.0
4082,4851,57.0
4213,4078,7.0
4342,4850,57.0
4830,4080,7.0
5061,3492,13.0
5311,4922,64.0
5508,4109,77.0
6944,2422,77.0
7750,4044,29.0
10008,4341,15.0
10410,4826,68.0
11178,3734,71.0
14337,4422,1.0
16977,4671,7.0
22894,4822,62.0
25837,4680,77.0
28562,3725,32.0
28681,4916,90.0
30461,4033,22.0
31219,4918,11.0
36699,4052,97.0
46612,4113,78.0
51325,4832,73.0
53421,4215,7.0
78341,3812,11.0
95189,4333,7.0
95261,4570,21.0
113614,4815,73.0
479107,3543,75.0
1382902,9017,89.0
27,3906,29.0
53,2534,77.0
154,3480,21.0
208,4280,82.0
224,2132,33.0
261,3760,82.0
305,4483,52.0
334,2645,70.0
351,4309,78.0
637,2511,57.0
686,4094,85.0
704,4038,24.0
763,4639,94.0
808,4399,25.0
896,4039,78.0
939,3852,57.0
1203,2634,85.0
1217,4049,65.0
1231,4040,78.0
1245,4763,57.0
1324,4282,57.0
1421,4363,20.0
1459,4330,50.0
1583,3554,9.0
1612,4666,77.0
1701,4469,14.0
1931,4329,77.0
2007,4115,77.0
2036,4218,7.0
2351,4262,14.0
2464,4391,1.0
2518,4041,23.0
2617,4394,83.0
2642,4144,34.0
2751,4350,64.0
2975,3064,25.0
3325,4066,91.0
4035,4550,7.0
4153,3642,56.0
4185,4213,23.0
4263,3596,45.0
4280,4323,94.0
4297,2161,96.0
4571,4352,88.0
4774,4383,88.0
6379,4259,62.0
6609,4579,23.0
8200,4400,62.0
8476,4389,68.0
8800,4026,97.0
10576,4390,73.0
10958,3530,71.0
11644,3569,63.0
12737,3172,17.0
14753,4174,56.0
15430,4682,63.0
29905,4407,63.0
36483,4354,73.0
37582,3832,60.0
44455,2260,25.0
140583,4226,3.0
142813,4830,77.0
143579,4314,1.0
